商品コード,型番,メーカー,画像ファイル名,公開URL,ローカルパス,取得元URL,状態
CI7P000118,MR28-HW,Cisco Meraki,CI7P000118.webp,https://8ec.jp/images/products/CI7P000118.webp,public/images/products/CI7P000118.webp,https://meraki.cisco.com/wp-content/uploads/2022/09/MR28-product-wireless-lan-tile.png,元画像URLあり・自社画像へ差替待ち
CI7P000007,MR36-HW,Cisco Meraki,CI7P000007.webp,https://8ec.jp/images/products/CI7P000007.webp,public/images/products/CI7P000007.webp,,画像準備中・公式画像へ差替待ち
CI7P000011,MR44-HW,Cisco Meraki,CI7P000011.webp,https://8ec.jp/images/products/CI7P000011.webp,public/images/products/CI7P000011.webp,,画像準備中・公式画像へ差替待ち
CI7P000006,MR46-HW,Cisco Meraki,CI7P000006.webp,https://8ec.jp/images/products/CI7P000006.webp,public/images/products/CI7P000006.webp,,画像準備中・公式画像へ差替待ち
CI7P000109,MR57-HW,Cisco Meraki,CI7P000109.webp,https://8ec.jp/images/products/CI7P000109.webp,public/images/products/CI7P000109.webp,,画像準備中・公式画像へ差替待ち
CI7P000121,CW9162I-MR,Cisco Meraki,CI7P000121.webp,https://8ec.jp/images/products/CI7P000121.webp,public/images/products/CI7P000121.webp,,画像準備中・公式画像へ差替待ち
CI7P000114,CW9164I-MR,Cisco Meraki,CI7P000114.webp,https://8ec.jp/images/products/CI7P000114.webp,public/images/products/CI7P000114.webp,,画像準備中・公式画像へ差替待ち
CI7P000122,CW9166I-MR,Cisco Meraki,CI7P000122.webp,https://8ec.jp/images/products/CI7P000122.webp,public/images/products/CI7P000122.webp,,画像準備中・公式画像へ差替待ち
CI7P000139,MS130-8-HW,Cisco Meraki,CI7P000139.webp,https://8ec.jp/images/products/CI7P000139.webp,public/images/products/CI7P000139.webp,,画像準備中・公式画像へ差替待ち
CI7P000140,MS130-8P-HW,Cisco Meraki,CI7P000140.webp,https://8ec.jp/images/products/CI7P000140.webp,public/images/products/CI7P000140.webp,,画像準備中・公式画像へ差替待ち
CI7P000210,MS130-8P-I-HW,Cisco Meraki,CI7P000210.webp,https://8ec.jp/images/products/CI7P000210.webp,public/images/products/CI7P000210.webp,,画像準備中・公式画像へ差替待ち
CI7P000141,MS130-8X-HW,Cisco Meraki,CI7P000141.webp,https://8ec.jp/images/products/CI7P000141.webp,public/images/products/CI7P000141.webp,,画像準備中・公式画像へ差替待ち
CI7P000142,MS130-12X-HW,Cisco Meraki,CI7P000142.webp,https://8ec.jp/images/products/CI7P000142.webp,public/images/products/CI7P000142.webp,,画像準備中・公式画像へ差替待ち
CI7P000143,MS130-24-HW,Cisco Meraki,CI7P000143.webp,https://8ec.jp/images/products/CI7P000143.webp,public/images/products/CI7P000143.webp,,画像準備中・公式画像へ差替待ち
CI7P000144,MS130-24P-HW,Cisco Meraki,CI7P000144.webp,https://8ec.jp/images/products/CI7P000144.webp,public/images/products/CI7P000144.webp,,画像準備中・公式画像へ差替待ち
CI7P000145,MS130-24X-HW,Cisco Meraki,CI7P000145.webp,https://8ec.jp/images/products/CI7P000145.webp,public/images/products/CI7P000145.webp,,画像準備中・公式画像へ差替待ち
CI7P000146,MS130-48-HW,Cisco Meraki,CI7P000146.webp,https://8ec.jp/images/products/CI7P000146.webp,public/images/products/CI7P000146.webp,,画像準備中・公式画像へ差替待ち
CI7P000147,MS130-48P-HW,Cisco Meraki,CI7P000147.webp,https://8ec.jp/images/products/CI7P000147.webp,public/images/products/CI7P000147.webp,,画像準備中・公式画像へ差替待ち
CI7P000148,MS130-48X-HW,Cisco Meraki,CI7P000148.webp,https://8ec.jp/images/products/CI7P000148.webp,public/images/products/CI7P000148.webp,,画像準備中・公式画像へ差替待ち
CI7P000160,C9300-24T-M,Cisco Meraki,CI7P000160.webp,https://8ec.jp/images/products/CI7P000160.webp,public/images/products/CI7P000160.webp,,画像準備中・公式画像へ差替待ち
CI7P000166,C9300-48P-M,Cisco Meraki,CI7P000166.webp,https://8ec.jp/images/products/CI7P000166.webp,public/images/products/CI7P000166.webp,,画像準備中・公式画像へ差替待ち
CI7P000167,C9300-48S-M,Cisco Meraki,CI7P000167.webp,https://8ec.jp/images/products/CI7P000167.webp,public/images/products/CI7P000167.webp,,画像準備中・公式画像へ差替待ち
CI7P000168,C9300-48T-M,Cisco Meraki,CI7P000168.webp,https://8ec.jp/images/products/CI7P000168.webp,public/images/products/CI7P000168.webp,,画像準備中・公式画像へ差替待ち
CI7P000171,C9300-48UXM-M,Cisco Meraki,CI7P000171.webp,https://8ec.jp/images/products/CI7P000171.webp,public/images/products/CI7P000171.webp,,画像準備中・公式画像へ差替待ち
CI7P000172,C9300L-24P-4X-M,Cisco Meraki,CI7P000172.webp,https://8ec.jp/images/products/CI7P000172.webp,public/images/products/CI7P000172.webp,,画像準備中・公式画像へ差替待ち
CI7P000173,C9300L-24T-4X-M,Cisco Meraki,CI7P000173.webp,https://8ec.jp/images/products/CI7P000173.webp,public/images/products/CI7P000173.webp,,画像準備中・公式画像へ差替待ち
CI7P000175,C9300L-48P-4X-M,Cisco Meraki,CI7P000175.webp,https://8ec.jp/images/products/CI7P000175.webp,public/images/products/CI7P000175.webp,,画像準備中・公式画像へ差替待ち
CI7P000178,C9300L-48UXG-4X-M,Cisco Meraki,CI7P000178.webp,https://8ec.jp/images/products/CI7P000178.webp,public/images/products/CI7P000178.webp,,画像準備中・公式画像へ差替待ち
CI7P000187,C9300X-48TX-M,Cisco Meraki,CI7P000187.webp,https://8ec.jp/images/products/CI7P000187.webp,public/images/products/CI7P000187.webp,,画像準備中・公式画像へ差替待ち
CI7P000040,MX250-HW,Cisco Meraki,CI7P000040.webp,https://8ec.jp/images/products/CI7P000040.webp,public/images/products/CI7P000040.webp,,画像準備中・公式画像へ差替待ち
CI7P000098,MX67-HW,Cisco Meraki,CI7P000098.webp,https://8ec.jp/images/products/CI7P000098.webp,public/images/products/CI7P000098.webp,,画像準備中・公式画像へ差替待ち
CI7P000044,MX67W-HW,Cisco Meraki,CI7P000044.webp,https://8ec.jp/images/products/CI7P000044.webp,public/images/products/CI7P000044.webp,,画像準備中・公式画像へ差替待ち
CI7P000038,MX68CW-HW-WW,Cisco Meraki,CI7P000038.webp,https://8ec.jp/images/products/CI7P000038.webp,public/images/products/CI7P000038.webp,,画像準備中・公式画像へ差替待ち
CI7P000042,MX68-HW,Cisco Meraki,CI7P000042.webp,https://8ec.jp/images/products/CI7P000042.webp,public/images/products/CI7P000042.webp,,画像準備中・公式画像へ差替待ち
CI7P000039,MX75-HW,Cisco Meraki,CI7P000039.webp,https://8ec.jp/images/products/CI7P000039.webp,public/images/products/CI7P000039.webp,,画像準備中・公式画像へ差替待ち
CI7P000046,MX85-HW,Cisco Meraki,CI7P000046.webp,https://8ec.jp/images/products/CI7P000046.webp,public/images/products/CI7P000046.webp,,画像準備中・公式画像へ差替待ち
CI7P000047,MX95-HW,Cisco Meraki,CI7P000047.webp,https://8ec.jp/images/products/CI7P000047.webp,public/images/products/CI7P000047.webp,,画像準備中・公式画像へ差替待ち
CI7P000138,Z4-HW,Cisco Meraki,CI7P000138.webp,https://8ec.jp/images/products/CI7P000138.webp,public/images/products/CI7P000138.webp,,画像準備中・公式画像へ差替待ち
CI7P000013,MA-INJ-4,Cisco Meraki,CI7P000013.webp,https://8ec.jp/images/products/CI7P000013.webp,public/images/products/CI7P000013.webp,,画像準備中・公式画像へ差替待ち
CI7P000012,MA-INJ-6,Cisco Meraki,CI7P000012.webp,https://8ec.jp/images/products/CI7P000012.webp,public/images/products/CI7P000012.webp,,画像準備中・公式画像へ差替待ち
CI7P000014,MA-PWR-30W-US,Cisco Meraki,CI7P000014.webp,https://8ec.jp/images/products/CI7P000014.webp,public/images/products/CI7P000014.webp,,画像準備中・公式画像へ差替待ち
CI7P000049,MA-PWR-CORD-JP,Cisco Meraki,CI7P000049.webp,https://8ec.jp/images/products/CI7P000049.webp,public/images/products/CI7P000049.webp,,画像準備中・公式画像へ差替待ち
CI7P000181,C9300-NM-8X-M,Cisco Meraki,CI7P000181.webp,https://8ec.jp/images/products/CI7P000181.webp,public/images/products/CI7P000181.webp,,画像準備中・公式画像へ差替待ち
CI7P000189,C9300L-STAK-KIT2-M,Cisco Meraki,CI7P000189.webp,https://8ec.jp/images/products/CI7P000189.webp,public/images/products/CI7P000189.webp,,画像準備中・公式画像へ差替待ち
CI7P000051,MA-SFP-10GB-SR,Cisco Meraki,CI7P000051.webp,https://8ec.jp/images/products/CI7P000051.webp,public/images/products/CI7P000051.webp,,画像準備中・公式画像へ差替待ち
CI7P000161,STACK-T1-50CM-M,Cisco Meraki,CI7P000161.webp,https://8ec.jp/images/products/CI7P000161.webp,public/images/products/CI7P000161.webp,,画像準備中・公式画像へ差替待ち
CI7A007592,C921J-4PJS,Cisco,CI7A007592.webp,https://8ec.jp/images/products/CI7A007592.webp,public/images/products/CI7A007592.webp,,画像準備中・公式画像へ差替待ち
CI7A007240,C1111-4P,Cisco,CI7A007240.webp,https://8ec.jp/images/products/CI7A007240.webp,public/images/products/CI7A007240.webp,,画像準備中・公式画像へ差替待ち
CI7A007250,C1111-8P,Cisco,CI7A007250.webp,https://8ec.jp/images/products/CI7A007250.webp,public/images/products/CI7A007250.webp,,画像準備中・公式画像へ差替待ち
CI7A007870,C1111X-8P,Cisco,CI7A007870.webp,https://8ec.jp/images/products/CI7A007870.webp,public/images/products/CI7A007870.webp,,画像準備中・公式画像へ差替待ち
CI7A008300,C1121-4P,Cisco,CI7A008300.webp,https://8ec.jp/images/products/CI7A008300.webp,public/images/products/CI7A008300.webp,,画像準備中・公式画像へ差替待ち
CI7A008310,C1121-8P,Cisco,CI7A008310.webp,https://8ec.jp/images/products/CI7A008310.webp,public/images/products/CI7A008310.webp,,画像準備中・公式画像へ差替待ち
CI7A008340,C1121X-8P,Cisco,CI7A008340.webp,https://8ec.jp/images/products/CI7A008340.webp,public/images/products/CI7A008340.webp,,画像準備中・公式画像へ差替待ち
CI7A008090,C8200-1N-4T,Cisco,CI7A008090.webp,https://8ec.jp/images/products/CI7A008090.webp,public/images/products/CI7A008090.webp,,画像準備中・公式画像へ差替待ち
CI7A012580,C8200-1N-4T,Cisco,CI7A012580.webp,https://8ec.jp/images/products/CI7A012580.webp,public/images/products/CI7A012580.webp,,画像準備中・公式画像へ差替待ち
CI7A008080,C8200L-1N-4T,Cisco,CI7A008080.webp,https://8ec.jp/images/products/CI7A008080.webp,public/images/products/CI7A008080.webp,,画像準備中・公式画像へ差替待ち
CI7A011960,C8300-1N1S-6T,Cisco,CI7A011960.webp,https://8ec.jp/images/products/CI7A011960.webp,public/images/products/CI7A011960.webp,,画像準備中・公式画像へ差替待ち
CI7A012600,C8300-1N1S-6T,Cisco,CI7A012600.webp,https://8ec.jp/images/products/CI7A012600.webp,public/images/products/CI7A012600.webp,,画像準備中・公式画像へ差替待ち
CI7A011970,C8300-1N1S-4T2X,Cisco,CI7A011970.webp,https://8ec.jp/images/products/CI7A011970.webp,public/images/products/CI7A011970.webp,,画像準備中・公式画像へ差替待ち
CI7A012610,C8300-1N1S-4T2X,Cisco,CI7A012610.webp,https://8ec.jp/images/products/CI7A012610.webp,public/images/products/CI7A012610.webp,,画像準備中・公式画像へ差替待ち
CI7A008140,C8300-2N2S-4T2X,Cisco,CI7A008140.webp,https://8ec.jp/images/products/CI7A008140.webp,public/images/products/CI7A008140.webp,,画像準備中・公式画像へ差替待ち
CI7A012590,C8300-2N2S-4T2X,Cisco,CI7A012590.webp,https://8ec.jp/images/products/CI7A012590.webp,public/images/products/CI7A012590.webp,,画像準備中・公式画像へ差替待ち
CI7A008150,C8500L-8S4X,Cisco,CI7A008150.webp,https://8ec.jp/images/products/CI7A008150.webp,public/images/products/CI7A008150.webp,,画像準備中・公式画像へ差替待ち
CI7A012470,C8231-G2,Cisco,CI7A012470.webp,https://8ec.jp/images/products/CI7A012470.webp,public/images/products/CI7A012470.webp,,画像準備中・公式画像へ差替待ち
CI7A012480,C8235-G2,Cisco,CI7A012480.webp,https://8ec.jp/images/products/CI7A012480.webp,public/images/products/CI7A012480.webp,,画像準備中・公式画像へ差替待ち
CI7A012520,C8130-G2,Cisco,CI7A012520.webp,https://8ec.jp/images/products/CI7A012520.webp,public/images/products/CI7A012520.webp,,画像準備中・公式画像へ差替待ち
CI7A012540,C8140-G2,Cisco,CI7A012540.webp,https://8ec.jp/images/products/CI7A012540.webp,public/images/products/CI7A012540.webp,,画像準備中・公式画像へ差替待ち
CI7A007030,ACS-1100-RM-19=,Cisco,CI7A007030.webp,https://8ec.jp/images/products/CI7A007030.webp,public/images/products/CI7A007030.webp,,画像準備中・公式画像へ差替待ち
CI7A007770,ACS-1100-RM2-19=,Cisco,CI7A007770.webp,https://8ec.jp/images/products/CI7A007770.webp,public/images/products/CI7A007770.webp,,画像準備中・公式画像へ差替待ち
CI77F00870,C1200-8T-D,Cisco,CI77F00870.webp,https://8ec.jp/images/products/CI77F00870.webp,public/images/products/CI77F00870.webp,,画像準備中・公式画像へ差替待ち
CI77F00880,C1200-8T-E-2G,Cisco,CI77F00880.webp,https://8ec.jp/images/products/CI77F00880.webp,public/images/products/CI77F00880.webp,,画像準備中・公式画像へ差替待ち
CI77F00860,C1200-8P-E-2G,Cisco,CI77F00860.webp,https://8ec.jp/images/products/CI77F00860.webp,public/images/products/CI77F00860.webp,,画像準備中・公式画像へ差替待ち
CI77F00850,C1200-8FP-2G,Cisco,CI77F00850.webp,https://8ec.jp/images/products/CI77F00850.webp,public/images/products/CI77F00850.webp,,画像準備中・公式画像へ差替待ち
CI77F00740,C1200-16T-2G,Cisco,CI77F00740.webp,https://8ec.jp/images/products/CI77F00740.webp,public/images/products/CI77F00740.webp,,画像準備中・公式画像へ差替待ち
CI77F00730,C1200-16P-2G,Cisco,CI77F00730.webp,https://8ec.jp/images/products/CI77F00730.webp,public/images/products/CI77F00730.webp,,画像準備中・公式画像へ差替待ち
CI77F00770,C1200-24P-4G,Cisco,CI77F00770.webp,https://8ec.jp/images/products/CI77F00770.webp,public/images/products/CI77F00770.webp,,画像準備中・公式画像へ差替待ち
CI77F00790,C1200-24T-4G,Cisco,CI77F00790.webp,https://8ec.jp/images/products/CI77F00790.webp,public/images/products/CI77F00790.webp,,画像準備中・公式画像へ差替待ち
CI77F00830,C1200-48T-4G,Cisco,CI77F00830.webp,https://8ec.jp/images/products/CI77F00830.webp,public/images/products/CI77F00830.webp,,画像準備中・公式画像へ差替待ち
CI77F01070,C1300-8T-E-2G,Cisco,CI77F01070.webp,https://8ec.jp/images/products/CI77F01070.webp,public/images/products/CI77F01070.webp,,画像準備中・公式画像へ差替待ち
CI77F01060,C1300-8P-E-2G,Cisco,CI77F01060.webp,https://8ec.jp/images/products/CI77F01060.webp,public/images/products/CI77F01060.webp,,画像準備中・公式画像へ差替待ち
CI77F01050,C1300-8FP-2G,Cisco,CI77F01050.webp,https://8ec.jp/images/products/CI77F01050.webp,public/images/products/CI77F01050.webp,,画像準備中・公式画像へ差替待ち
CI77F00920,C1300-16T-2G,Cisco,CI77F00920.webp,https://8ec.jp/images/products/CI77F00920.webp,public/images/products/CI77F00920.webp,,画像準備中・公式画像へ差替待ち
CI77F00900,C1300-16P-2G,Cisco,CI77F00900.webp,https://8ec.jp/images/products/CI77F00900.webp,public/images/products/CI77F00900.webp,,画像準備中・公式画像へ差替待ち
CI77F00890,C1300-16FP-2G,Cisco,CI77F00890.webp,https://8ec.jp/images/products/CI77F00890.webp,public/images/products/CI77F00890.webp,,画像準備中・公式画像へ差替待ち
CI77F00910,C1300-16P-4X,Cisco,CI77F00910.webp,https://8ec.jp/images/products/CI77F00910.webp,public/images/products/CI77F00910.webp,,画像準備中・公式画像へ差替待ち
CI77F00950,C1300-24P-4G,Cisco,CI77F00950.webp,https://8ec.jp/images/products/CI77F00950.webp,public/images/products/CI77F00950.webp,,画像準備中・公式画像へ差替待ち
CI77F00930,C1300-24FP-4G,Cisco,CI77F00930.webp,https://8ec.jp/images/products/CI77F00930.webp,public/images/products/CI77F00930.webp,,画像準備中・公式画像へ差替待ち
CI77F00980,C1300-24T-4X,Cisco,CI77F00980.webp,https://8ec.jp/images/products/CI77F00980.webp,public/images/products/CI77F00980.webp,,画像準備中・公式画像へ差替待ち
CI77F01160,C1300-24XT,Cisco,CI77F01160.webp,https://8ec.jp/images/products/CI77F01160.webp,public/images/products/CI77F01160.webp,,画像準備中・公式画像へ差替待ち
CI77F00970,C1300-24T-4G,Cisco,CI77F00970.webp,https://8ec.jp/images/products/CI77F00970.webp,public/images/products/CI77F00970.webp,,画像準備中・公式画像へ差替待ち
CI77F01010,C1300-48P-4G,Cisco,CI77F01010.webp,https://8ec.jp/images/products/CI77F01010.webp,public/images/products/CI77F01010.webp,,画像準備中・公式画像へ差替待ち
CI77F00990,C1300-48FP-4G,Cisco,CI77F00990.webp,https://8ec.jp/images/products/CI77F00990.webp,public/images/products/CI77F00990.webp,,画像準備中・公式画像へ差替待ち
CI77F01040,C1300-48T-4X,Cisco,CI77F01040.webp,https://8ec.jp/images/products/CI77F01040.webp,public/images/products/CI77F01040.webp,,画像準備中・公式画像へ差替待ち
CI77F01030,C1300-48T-4G,Cisco,CI77F01030.webp,https://8ec.jp/images/products/CI77F01030.webp,public/images/products/CI77F01030.webp,,画像準備中・公式画像へ差替待ち
CI7B009020,C9200-24T-E,Cisco,CI7B009020.webp,https://8ec.jp/images/products/CI7B009020.webp,public/images/products/CI7B009020.webp,,画像準備中・公式画像へ差替待ち
CI7B009270,C9200-24T-A,Cisco,CI7B009270.webp,https://8ec.jp/images/products/CI7B009270.webp,public/images/products/CI7B009270.webp,,画像準備中・公式画像へ差替待ち
CI7B009030,C9200-48T-E,Cisco,CI7B009030.webp,https://8ec.jp/images/products/CI7B009030.webp,public/images/products/CI7B009030.webp,,画像準備中・公式画像へ差替待ち
CI7B011800,C9200CX-8P-2X2G-E,Cisco,CI7B011800.webp,https://8ec.jp/images/products/CI7B011800.webp,public/images/products/CI7B011800.webp,,画像準備中・公式画像へ差替待ち
CI7B008330,C9200L-24T-4G-E,Cisco,CI7B008330.webp,https://8ec.jp/images/products/CI7B008330.webp,public/images/products/CI7B008330.webp,,画像準備中・公式画像へ差替待ち
CI7B008340,C9200L-24T-4G-A,Cisco,CI7B008340.webp,https://8ec.jp/images/products/CI7B008340.webp,public/images/products/CI7B008340.webp,,画像準備中・公式画像へ差替待ち
CI7B008410,C9200L-24T-4X-E,Cisco,CI7B008410.webp,https://8ec.jp/images/products/CI7B008410.webp,public/images/products/CI7B008410.webp,,画像準備中・公式画像へ差替待ち
CI7B008430,C9200L-24P-4X-E,Cisco,CI7B008430.webp,https://8ec.jp/images/products/CI7B008430.webp,public/images/products/CI7B008430.webp,,画像準備中・公式画像へ差替待ち
CI7B008420,C9200L-24T-4X-A,Cisco,CI7B008420.webp,https://8ec.jp/images/products/CI7B008420.webp,public/images/products/CI7B008420.webp,,画像準備中・公式画像へ差替待ち
CI7B008350,C9200L-24P-4G-E,Cisco,CI7B008350.webp,https://8ec.jp/images/products/CI7B008350.webp,public/images/products/CI7B008350.webp,,画像準備中・公式画像へ差替待ち
CI7B008360,C9200L-24P-4G-A,Cisco,CI7B008360.webp,https://8ec.jp/images/products/CI7B008360.webp,public/images/products/CI7B008360.webp,,画像準備中・公式画像へ差替待ち
CI7B010410,C9200L-24PXG-4X-E,Cisco,CI7B010410.webp,https://8ec.jp/images/products/CI7B010410.webp,public/images/products/CI7B010410.webp,,画像準備中・公式画像へ差替待ち
CI7B009080,C9200-NM-4G=,Cisco,CI7B009080.webp,https://8ec.jp/images/products/CI7B009080.webp,public/images/products/CI7B009080.webp,,画像準備中・公式画像へ差替待ち
CI7B009280,C9200-NM-4X=,Cisco,CI7B009280.webp,https://8ec.jp/images/products/CI7B009280.webp,public/images/products/CI7B009280.webp,,画像準備中・公式画像へ差替待ち
CI7B008470,C9200L-48P-4X-E,Cisco,CI7B008470.webp,https://8ec.jp/images/products/CI7B008470.webp,public/images/products/CI7B008470.webp,,画像準備中・公式画像へ差替待ち
CI7B008370,C9200L-48T-4G-E,Cisco,CI7B008370.webp,https://8ec.jp/images/products/CI7B008370.webp,public/images/products/CI7B008370.webp,,画像準備中・公式画像へ差替待ち
CI7B008380,C9200L-48T-4G-A,Cisco,CI7B008380.webp,https://8ec.jp/images/products/CI7B008380.webp,public/images/products/CI7B008380.webp,,画像準備中・公式画像へ差替待ち
CI7B008450,C9200L-48T-4X-E,Cisco,CI7B008450.webp,https://8ec.jp/images/products/CI7B008450.webp,public/images/products/CI7B008450.webp,,画像準備中・公式画像へ差替待ち
CI7B008390,C9200L-48P-4G-E,Cisco,CI7B008390.webp,https://8ec.jp/images/products/CI7B008390.webp,public/images/products/CI7B008390.webp,,画像準備中・公式画像へ差替待ち
CI7B008460,C9200L-48T-4X-A,Cisco,CI7B008460.webp,https://8ec.jp/images/products/CI7B008460.webp,public/images/products/CI7B008460.webp,,画像準備中・公式画像へ差替待ち
CI7B011770,C9200CX-12P-2X2G-A,Cisco,CI7B011770.webp,https://8ec.jp/images/products/CI7B011770.webp,public/images/products/CI7B011770.webp,,画像準備中・公式画像へ差替待ち
CI7B011780,C9200CX-12P-2X2G-E,Cisco,CI7B011780.webp,https://8ec.jp/images/products/CI7B011780.webp,public/images/products/CI7B011780.webp,,画像準備中・公式画像へ差替待ち
CI7B011750,C9200CX-12T-2X2G-A,Cisco,CI7B011750.webp,https://8ec.jp/images/products/CI7B011750.webp,public/images/products/CI7B011750.webp,,画像準備中・公式画像へ差替待ち
CI7B011760,C9200CX-12T-2X2G-E,Cisco,CI7B011760.webp,https://8ec.jp/images/products/CI7B011760.webp,public/images/products/CI7B011760.webp,,画像準備中・公式画像へ差替待ち
CI7B011790,C9200CX-8P-2X2G-A,Cisco,CI7B011790.webp,https://8ec.jp/images/products/CI7B011790.webp,public/images/products/CI7B011790.webp,,画像準備中・公式画像へ差替待ち
CI7B012140,C9200CX-8UXG-2X-E,Cisco,CI7B012140.webp,https://8ec.jp/images/products/CI7B012140.webp,public/images/products/CI7B012140.webp,,画像準備中・公式画像へ差替待ち
CI7B009050,C9200-STACK-KIT=,Cisco,CI7B009050.webp,https://8ec.jp/images/products/CI7B009050.webp,public/images/products/CI7B009050.webp,,画像準備中・公式画像へ差替待ち
CI7B008490,C9200L-STACK-KIT=,Cisco,CI7B008490.webp,https://8ec.jp/images/products/CI7B008490.webp,public/images/products/CI7B008490.webp,,画像準備中・公式画像へ差替待ち
CI7B010940,C9300-24S-E,Cisco,CI7B010940.webp,https://8ec.jp/images/products/CI7B010940.webp,public/images/products/CI7B010940.webp,,画像準備中・公式画像へ差替待ち
CI7B010990,C9300-24S-A,Cisco,CI7B010990.webp,https://8ec.jp/images/products/CI7B010990.webp,public/images/products/CI7B010990.webp,,画像準備中・公式画像へ差替待ち
CI7B008040,C9300-24T-E,Cisco,CI7B008040.webp,https://8ec.jp/images/products/CI7B008040.webp,public/images/products/CI7B008040.webp,,画像準備中・公式画像へ差替待ち
CI7B008050,C9300-24T-A,Cisco,CI7B008050.webp,https://8ec.jp/images/products/CI7B008050.webp,public/images/products/CI7B008050.webp,,画像準備中・公式画像へ差替待ち
CI7B008860,C9300-24UX-A,Cisco,CI7B008860.webp,https://8ec.jp/images/products/CI7B008860.webp,public/images/products/CI7B008860.webp,,画像準備中・公式画像へ差替待ち
CI7B008100,C9300-24UX-E,Cisco,CI7B008100.webp,https://8ec.jp/images/products/CI7B008100.webp,public/images/products/CI7B008100.webp,,画像準備中・公式画像へ差替待ち
CI7B008870,C9300-48T-E,Cisco,CI7B008870.webp,https://8ec.jp/images/products/CI7B008870.webp,public/images/products/CI7B008870.webp,,画像準備中・公式画像へ差替待ち
CI7B008880,C9300-48T-A,Cisco,CI7B008880.webp,https://8ec.jp/images/products/CI7B008880.webp,public/images/products/CI7B008880.webp,,画像準備中・公式画像へ差替待ち
CI7B011430,C9300-48S-A,Cisco,CI7B011430.webp,https://8ec.jp/images/products/CI7B011430.webp,public/images/products/CI7B011430.webp,,画像準備中・公式画像へ差替待ち
CI7B008300,C9300-NM-4G=,Cisco,CI7B008300.webp,https://8ec.jp/images/products/CI7B008300.webp,public/images/products/CI7B008300.webp,,画像準備中・公式画像へ差替待ち
CI7B007960,C9300-NM-8X=,Cisco,CI7B007960.webp,https://8ec.jp/images/products/CI7B007960.webp,public/images/products/CI7B007960.webp,,画像準備中・公式画像へ差替待ち
CI7B008810,C9300-NM-4M=,Cisco,CI7B008810.webp,https://8ec.jp/images/products/CI7B008810.webp,public/images/products/CI7B008810.webp,,画像準備中・公式画像へ差替待ち
CI7B009610,C9300L-24T-4G-E,Cisco,CI7B009610.webp,https://8ec.jp/images/products/CI7B009610.webp,public/images/products/CI7B009610.webp,,画像準備中・公式画像へ差替待ち
CI7B009750,C9300L-24T-4G-A,Cisco,CI7B009750.webp,https://8ec.jp/images/products/CI7B009750.webp,public/images/products/CI7B009750.webp,,画像準備中・公式画像へ差替待ち
CI7B009760,C9300L-24T-4X-A,Cisco,CI7B009760.webp,https://8ec.jp/images/products/CI7B009760.webp,public/images/products/CI7B009760.webp,,画像準備中・公式画像へ差替待ち
CI7B009790,C9300L-24P-4G-A,Cisco,CI7B009790.webp,https://8ec.jp/images/products/CI7B009790.webp,public/images/products/CI7B009790.webp,,画像準備中・公式画像へ差替待ち
CI7B009620,C9300L-24T-4X-E,Cisco,CI7B009620.webp,https://8ec.jp/images/products/CI7B009620.webp,public/images/products/CI7B009620.webp,,画像準備中・公式画像へ差替待ち
CI7B009700,C9300L-24UXG-4X-E,Cisco,CI7B009700.webp,https://8ec.jp/images/products/CI7B009700.webp,public/images/products/CI7B009700.webp,,画像準備中・公式画像へ差替待ち
CI7B009770,C9300L-48T-4G-A,Cisco,CI7B009770.webp,https://8ec.jp/images/products/CI7B009770.webp,public/images/products/CI7B009770.webp,,画像準備中・公式画像へ差替待ち
CI7B009630,C9300L-48T-4G-E,Cisco,CI7B009630.webp,https://8ec.jp/images/products/CI7B009630.webp,public/images/products/CI7B009630.webp,,画像準備中・公式画像へ差替待ち
CI7B009670,C9300L-48P-4G-E,Cisco,CI7B009670.webp,https://8ec.jp/images/products/CI7B009670.webp,public/images/products/CI7B009670.webp,,画像準備中・公式画像へ差替待ち
CI7B009640,C9300L-48T-4X-E,Cisco,CI7B009640.webp,https://8ec.jp/images/products/CI7B009640.webp,public/images/products/CI7B009640.webp,,画像準備中・公式画像へ差替待ち
CI7B009780,C9300L-48T-4X-A,Cisco,CI7B009780.webp,https://8ec.jp/images/products/CI7B009780.webp,public/images/products/CI7B009780.webp,,画像準備中・公式画像へ差替待ち
CI7B012220,C9300L-STACK-KIT2=,Cisco,CI7B012220.webp,https://8ec.jp/images/products/CI7B012220.webp,public/images/products/CI7B012220.webp,,画像準備中・公式画像へ差替待ち
CI7B011860,C9300X-12Y-E,Cisco,CI7B011860.webp,https://8ec.jp/images/products/CI7B011860.webp,public/images/products/CI7B011860.webp,,画像準備中・公式画像へ差替待ち
CI7B011840,C9300X-12Y-A,Cisco,CI7B011840.webp,https://8ec.jp/images/products/CI7B011840.webp,public/images/products/CI7B011840.webp,,画像準備中・公式画像へ差替待ち
CI7B011590,C9300X-24Y-A,Cisco,CI7B011590.webp,https://8ec.jp/images/products/CI7B011590.webp,public/images/products/CI7B011590.webp,,画像準備中・公式画像へ差替待ち
CI7B012100,C9300X-24HX-E,Cisco,CI7B012100.webp,https://8ec.jp/images/products/CI7B012100.webp,public/images/products/CI7B012100.webp,,画像準備中・公式画像へ差替待ち
CI7B012130,C9300X-24HX-A,Cisco,CI7B012130.webp,https://8ec.jp/images/products/CI7B012130.webp,public/images/products/CI7B012130.webp,,画像準備中・公式画像へ差替待ち
CI7B011810,C9300X-24Y-E,Cisco,CI7B011810.webp,https://8ec.jp/images/products/CI7B011810.webp,public/images/products/CI7B011810.webp,,画像準備中・公式画像へ差替待ち
CI7B011870,C9300X-48TX-A,Cisco,CI7B011870.webp,https://8ec.jp/images/products/CI7B011870.webp,public/images/products/CI7B011870.webp,,画像準備中・公式画像へ差替待ち
CI7B011880,C9300X-48TX-E,Cisco,CI7B011880.webp,https://8ec.jp/images/products/CI7B011880.webp,public/images/products/CI7B011880.webp,,画像準備中・公式画像へ差替待ち
CI7B009350,C9300X-NM-8Y=,Cisco,CI7B009350.webp,https://8ec.jp/images/products/CI7B009350.webp,public/images/products/CI7B009350.webp,,画像準備中・公式画像へ差替待ち
CI7B010570,C9500-24Y4C-A,Cisco,CI7B010570.webp,https://8ec.jp/images/products/CI7B010570.webp,public/images/products/CI7B010570.webp,,画像準備中・公式画像へ差替待ち
CI7B011130,C9500-48Y4C-A,Cisco,CI7B011130.webp,https://8ec.jp/images/products/CI7B011130.webp,public/images/products/CI7B011130.webp,,画像準備中・公式画像へ差替待ち
CI7B011920,RACKMNT-19-CMPCT=,Cisco,CI7B011920.webp,https://8ec.jp/images/products/CI7B011920.webp,public/images/products/CI7B011920.webp,,画像準備中・公式画像へ差替待ち
CI7B012070,RCKMNT-CMPCT-1K=,Cisco,CI7B012070.webp,https://8ec.jp/images/products/CI7B012070.webp,public/images/products/CI7B012070.webp,,画像準備中・公式画像へ差替待ち
CI7B007940,CAB-SPWR-30CM=,Cisco,CI7B007940.webp,https://8ec.jp/images/products/CI7B007940.webp,public/images/products/CI7B007940.webp,,画像準備中・公式画像へ差替待ち
CI7B008960,PWR-C1-350WAC-P=,Cisco,CI7B008960.webp,https://8ec.jp/images/products/CI7B008960.webp,public/images/products/CI7B008960.webp,,画像準備中・公式画像へ差替待ち
CI7B008970,PWR-C1-715WAC-P=,Cisco,CI7B008970.webp,https://8ec.jp/images/products/CI7B008970.webp,public/images/products/CI7B008970.webp,,画像準備中・公式画像へ差替待ち
CI7B008740,PWR-C5-125WAC=,Cisco,CI7B008740.webp,https://8ec.jp/images/products/CI7B008740.webp,public/images/products/CI7B008740.webp,,画像準備中・公式画像へ差替待ち
CI7B009250,PWR-C6-125WAC=,Cisco,CI7B009250.webp,https://8ec.jp/images/products/CI7B009250.webp,public/images/products/CI7B009250.webp,,画像準備中・公式画像へ差替待ち
CI7B004460,STACK-T1-50CM=,Cisco,CI7B004460.webp,https://8ec.jp/images/products/CI7B004460.webp,public/images/products/CI7B004460.webp,,画像準備中・公式画像へ差替待ち
CI7B004470,STACK-T1-1M=,Cisco,CI7B004470.webp,https://8ec.jp/images/products/CI7B004470.webp,public/images/products/CI7B004470.webp,,画像準備中・公式画像へ差替待ち
CI7B008720,STACK-T4-1M=,Cisco,CI7B008720.webp,https://8ec.jp/images/products/CI7B008720.webp,public/images/products/CI7B008720.webp,,画像準備中・公式画像へ差替待ち
CI7B008730,STACK-T4-3M=,Cisco,CI7B008730.webp,https://8ec.jp/images/products/CI7B008730.webp,public/images/products/CI7B008730.webp,,画像準備中・公式画像へ差替待ち
CI7B009340,C9K-PWR-650WAC-R=,Cisco,CI7B009340.webp,https://8ec.jp/images/products/CI7B009340.webp,public/images/products/CI7B009340.webp,,画像準備中・公式画像へ差替待ち
CI7B011900,C9K-80W-ADPT=,Cisco,CI7B011900.webp,https://8ec.jp/images/products/CI7B011900.webp,public/images/products/CI7B011900.webp,,画像準備中・公式画像へ差替待ち
CI7C003350,C9105AXI-Q,Cisco,CI7C003350.webp,https://8ec.jp/images/products/CI7C003350.webp,public/images/products/CI7C003350.webp,,画像準備中・公式画像へ差替待ち
CI7C002980,C9115AXI-Q,Cisco,CI7C002980.webp,https://8ec.jp/images/products/CI7C002980.webp,public/images/products/CI7C002980.webp,,画像準備中・公式画像へ差替待ち
CI7C003230,C9115AXE-Q,Cisco,CI7C003230.webp,https://8ec.jp/images/products/CI7C003230.webp,public/images/products/CI7C003230.webp,,画像準備中・公式画像へ差替待ち
CI7C002870,C9120AXI-Q,Cisco,CI7C002870.webp,https://8ec.jp/images/products/CI7C002870.webp,public/images/products/CI7C002870.webp,,画像準備中・公式画像へ差替待ち
CI7C003250,C9120AXE-Q,Cisco,CI7C003250.webp,https://8ec.jp/images/products/CI7C003250.webp,public/images/products/CI7C003250.webp,,画像準備中・公式画像へ差替待ち
CI7C003560,C9124AXI-Q,Cisco,CI7C003560.webp,https://8ec.jp/images/products/CI7C003560.webp,public/images/products/CI7C003560.webp,,画像準備中・公式画像へ差替待ち
CI7C003180,C9130AXI-Q,Cisco,CI7C003180.webp,https://8ec.jp/images/products/CI7C003180.webp,public/images/products/CI7C003180.webp,,画像準備中・公式画像へ差替待ち
CI7C003720,CW9162I-Q,Cisco,CI7C003720.webp,https://8ec.jp/images/products/CI7C003720.webp,public/images/products/CI7C003720.webp,,画像準備中・公式画像へ差替待ち
CI7C003730,CW9164I-Q,Cisco,CI7C003730.webp,https://8ec.jp/images/products/CI7C003730.webp,public/images/products/CI7C003730.webp,,画像準備中・公式画像へ差替待ち
CI7C003740,CW9166I-Q,Cisco,CI7C003740.webp,https://8ec.jp/images/products/CI7C003740.webp,public/images/products/CI7C003740.webp,,画像準備中・公式画像へ差替待ち
CI7C005710,CW9171I-CFG,Cisco,CI7C005710.webp,https://8ec.jp/images/products/CI7C005710.webp,public/images/products/CI7C005710.webp,,画像準備中・公式画像へ差替待ち
CI7C005660,CW9172H-CFG,Cisco,CI7C005660.webp,https://8ec.jp/images/products/CI7C005660.webp,public/images/products/CI7C005660.webp,,画像準備中・公式画像へ差替待ち
CI7C005610,CW9172I-CFG,Cisco,CI7C005610.webp,https://8ec.jp/images/products/CI7C005610.webp,public/images/products/CI7C005610.webp,,画像準備中・公式画像へ差替待ち
CI7C005720,CW9174I-CFG,Cisco,CI7C005720.webp,https://8ec.jp/images/products/CI7C005720.webp,public/images/products/CI7C005720.webp,,画像準備中・公式画像へ差替待ち
CI7C005560,CW9176I-CFG,Cisco,CI7C005560.webp,https://8ec.jp/images/products/CI7C005560.webp,public/images/products/CI7C005560.webp,,画像準備中・公式画像へ差替待ち
CI7C005570,CW9176D1-CFG,Cisco,CI7C005570.webp,https://8ec.jp/images/products/CI7C005570.webp,public/images/products/CI7C005570.webp,,画像準備中・公式画像へ差替待ち
CI7C005580,CW9178I-CFG,Cisco,CI7C005580.webp,https://8ec.jp/images/products/CI7C005580.webp,public/images/products/CI7C005580.webp,,画像準備中・公式画像へ差替待ち
CI7C002990,C9800-L-C-K9,Cisco,CI7C002990.webp,https://8ec.jp/images/products/CI7C002990.webp,public/images/products/CI7C002990.webp,,画像準備中・公式画像へ差替待ち
CI7C003000,C9800-L-F-K9,Cisco,CI7C003000.webp,https://8ec.jp/images/products/CI7C003000.webp,public/images/products/CI7C003000.webp,,画像準備中・公式画像へ差替待ち
CI7C003010,C9800L-RMNT=,Cisco,CI7C003010.webp,https://8ec.jp/images/products/CI7C003010.webp,public/images/products/CI7C003010.webp,,画像準備中・公式画像へ差替待ち
CI7C003610,AIR-ANT2544V4M-RS=,Cisco,CI7C003610.webp,https://8ec.jp/images/products/CI7C003610.webp,public/images/products/CI7C003610.webp,,画像準備中・公式画像へ差替待ち
CI7C001280,AIR-ANT2524DW-R=,Cisco,CI7C001280.webp,https://8ec.jp/images/products/CI7C001280.webp,public/images/products/CI7C001280.webp,,画像準備中・公式画像へ差替待ち
CI7C002200,AIR-PWRINJ6=,Cisco,CI7C002200.webp,https://8ec.jp/images/products/CI7C002200.webp,public/images/products/CI7C002200.webp,,画像準備中・公式画像へ差替待ち
CI7C003750,AIR-PWRINJ7=,Cisco,CI7C003750.webp,https://8ec.jp/images/products/CI7C003750.webp,public/images/products/CI7C003750.webp,,画像準備中・公式画像へ差替待ち
CI7C000570,AIR-AP-BRACKET-2=,Cisco,CI7C000570.webp,https://8ec.jp/images/products/CI7C000570.webp,public/images/products/CI7C000570.webp,,画像準備中・公式画像へ差替待ち
CI7D908530,FPR1010-ASA-K9,Cisco,CI7D908530.webp,https://8ec.jp/images/products/CI7D908530.webp,public/images/products/CI7D908530.webp,,画像準備中・公式画像へ差替待ち
CI7D908540,FPR1120-ASA-K9,Cisco,CI7D908540.webp,https://8ec.jp/images/products/CI7D908540.webp,public/images/products/CI7D908540.webp,,画像準備中・公式画像へ差替待ち
CI7D908660,FPR1140-ASA-K9,Cisco,CI7D908660.webp,https://8ec.jp/images/products/CI7D908660.webp,public/images/products/CI7D908660.webp,,画像準備中・公式画像へ差替待ち
CI7D908430,CSF1210CE-ASA-K9,Cisco,CI7D908430.webp,https://8ec.jp/images/products/CI7D908430.webp,public/images/products/CI7D908430.webp,,画像準備中・公式画像へ差替待ち
CI7D908440,CSF1210CE-TD-K9,Cisco,CI7D908440.webp,https://8ec.jp/images/products/CI7D908440.webp,public/images/products/CI7D908440.webp,,画像準備中・公式画像へ差替待ち
CI7D908450,CSF1210CP-ASA-K9,Cisco,CI7D908450.webp,https://8ec.jp/images/products/CI7D908450.webp,public/images/products/CI7D908450.webp,,画像準備中・公式画像へ差替待ち
CI7D908460,CSF1210CP-TD-K9,Cisco,CI7D908460.webp,https://8ec.jp/images/products/CI7D908460.webp,public/images/products/CI7D908460.webp,,画像準備中・公式画像へ差替待ち
CI7D908470,CSF1220CX-ASA-K9,Cisco,CI7D908470.webp,https://8ec.jp/images/products/CI7D908470.webp,public/images/products/CI7D908470.webp,,画像準備中・公式画像へ差替待ち
CI7D908480,CSF1220CX-TD-K9,Cisco,CI7D908480.webp,https://8ec.jp/images/products/CI7D908480.webp,public/images/products/CI7D908480.webp,,画像準備中・公式画像へ差替待ち
CI7D908490,CSF1200C-PWR-AC=,Cisco,CI7D908490.webp,https://8ec.jp/images/products/CI7D908490.webp,public/images/products/CI7D908490.webp,,画像準備中・公式画像へ差替待ち
CI7D908500,CSF1200C-RACK-MNT=,Cisco,CI7D908500.webp,https://8ec.jp/images/products/CI7D908500.webp,public/images/products/CI7D908500.webp,,画像準備中・公式画像へ差替待ち
CI7D908510,CSF1200C-WALL-MNT=,Cisco,CI7D908510.webp,https://8ec.jp/images/products/CI7D908510.webp,public/images/products/CI7D908510.webp,,画像準備中・公式画像へ差替待ち
CI7D908520,CSF1200CP-PWR-AC=,Cisco,CI7D908520.webp,https://8ec.jp/images/products/CI7D908520.webp,public/images/products/CI7D908520.webp,,画像準備中・公式画像へ差替待ち
CI7D907600,FPR1K-DT-RACK-MNT=,Cisco,CI7D907600.webp,https://8ec.jp/images/products/CI7D907600.webp,public/images/products/CI7D907600.webp,,画像準備中・公式画像へ差替待ち
CI7F900142,CS-BARPRO-K9,Cisco,CI7F900142.webp,https://8ec.jp/images/products/CI7F900142.webp,public/images/products/CI7F900142.webp,,画像準備中・公式画像へ差替待ち
CI7F900137,CS-BAR-T-K9,Cisco,CI7F900137.webp,https://8ec.jp/images/products/CI7F900137.webp,public/images/products/CI7F900137.webp,,画像準備中・公式画像へ差替待ち
CI7F011880,CS-DESK-K9,Cisco,CI7F011880.webp,https://8ec.jp/images/products/CI7F011880.webp,public/images/products/CI7F011880.webp,,画像準備中・公式画像へ差替待ち
CI7F900141,CS-KIT-EQ-K9,Cisco,CI7F900141.webp,https://8ec.jp/images/products/CI7F900141.webp,public/images/products/CI7F900141.webp,,画像準備中・公式画像へ差替待ち
CI7F900270,CS-MIC-ARRAY-T=,Cisco,CI7F900270.webp,https://8ec.jp/images/products/CI7F900270.webp,public/images/products/CI7F900270.webp,,画像準備中・公式画像へ差替待ち
CI7F011391,CS-MIC-TABLE-J=,Cisco,CI7F011391.webp,https://8ec.jp/images/products/CI7F011391.webp,public/images/products/CI7F011391.webp,,画像準備中・公式画像へ差替待ち
CI7F011401,CAB-MIC-EXT-J=,Cisco,CI7F011401.webp,https://8ec.jp/images/products/CI7F011401.webp,public/images/products/CI7F011401.webp,,画像準備中・公式画像へ差替待ち
CI7L001450,CAB-C13-C14-2M=,Cisco,CI7L001450.webp,https://8ec.jp/images/products/CI7L001450.webp,public/images/products/CI7L001450.webp,,画像準備中・公式画像へ差替待ち
CI7L001600,CAB-C15-CBN-JP=,Cisco,CI7L001600.webp,https://8ec.jp/images/products/CI7L001600.webp,public/images/products/CI7L001600.webp,,画像準備中・公式画像へ差替待ち
CI7L000910,CAB-CONSOLE-RJ45=,Cisco,CI7L000910.webp,https://8ec.jp/images/products/CI7L000910.webp,public/images/products/CI7L000910.webp,,画像準備中・公式画像へ差替待ち
CI7L001020,CAB-JPN=,Cisco,CI7L001020.webp,https://8ec.jp/images/products/CI7L001020.webp,public/images/products/CI7L001020.webp,,画像準備中・公式画像へ差替待ち
CI7L001030,CAB-JPN-RA=,Cisco,CI7L001030.webp,https://8ec.jp/images/products/CI7L001030.webp,public/images/products/CI7L001030.webp,,画像準備中・公式画像へ差替待ち
CI7L001430,CAB-TA-JP=,Cisco,CI7L001430.webp,https://8ec.jp/images/products/CI7L001430.webp,public/images/products/CI7L001430.webp,,画像準備中・公式画像へ差替待ち
CI7L001420,CAB-TA-NA=,Cisco,CI7L001420.webp,https://8ec.jp/images/products/CI7L001420.webp,public/images/products/CI7L001420.webp,,画像準備中・公式画像へ差替待ち
CI7F011100,CAB-2HDMI-3M-GR=,Cisco,CI7F011100.webp,https://8ec.jp/images/products/CI7F011100.webp,public/images/products/CI7F011100.webp,,画像準備中・公式画像へ差替待ち
CI7L002100,CAB-C13-C14-2M-JP=,Cisco,CI7L002100.webp,https://8ec.jp/images/products/CI7L002100.webp,public/images/products/CI7L002100.webp,,画像準備中・公式画像へ差替待ち
CI7L001180,CAB-C15-CBN=,Cisco,CI7L001180.webp,https://8ec.jp/images/products/CI7L001180.webp,public/images/products/CI7L001180.webp,,画像準備中・公式画像へ差替待ち
CI7L002970,CAB-CON-USBRJ45=,Cisco,CI7L002970.webp,https://8ec.jp/images/products/CI7L002970.webp,public/images/products/CI7L002970.webp,,画像準備中・公式画像へ差替待ち
CI7F010940,CAB-PRES-2HDMI-GR=,Cisco,CI7F010940.webp,https://8ec.jp/images/products/CI7F010940.webp,public/images/products/CI7F010940.webp,,画像準備中・公式画像へ差替待ち
CI7L000340,SFP-H10GB-CU3M=,Cisco,CI7L000340.webp,https://8ec.jp/images/products/CI7L000340.webp,public/images/products/CI7L000340.webp,,画像準備中・公式画像へ差替待ち
CI7L000330,SFP-H10GB-CU1M=,Cisco,CI7L000330.webp,https://8ec.jp/images/products/CI7L000330.webp,public/images/products/CI7L000330.webp,,画像準備中・公式画像へ差替待ち
CI7L002360,SFP-25G-SR-S=,Cisco,CI7L002360.webp,https://8ec.jp/images/products/CI7L002360.webp,public/images/products/CI7L002360.webp,,画像準備中・公式画像へ差替待ち
CI7L002620,SFP-10/25G-CSR-S=,Cisco,CI7L002620.webp,https://8ec.jp/images/products/CI7L002620.webp,public/images/products/CI7L002620.webp,,画像準備中・公式画像へ差替待ち
CI7L003090,SFP-10/25G-LR-S=,Cisco,CI7L003090.webp,https://8ec.jp/images/products/CI7L003090.webp,public/images/products/CI7L003090.webp,,画像準備中・公式画像へ差替待ち
CI7L003040,SFP-10G-T-X=,Cisco,CI7L003040.webp,https://8ec.jp/images/products/CI7L003040.webp,public/images/products/CI7L003040.webp,,画像準備中・公式画像へ差替待ち
CI7L001840,SFP-10G-SR-S=,Cisco,CI7L001840.webp,https://8ec.jp/images/products/CI7L001840.webp,public/images/products/CI7L001840.webp,,画像準備中・公式画像へ差替待ち
CI7L000290,SFP-10G-SR=,Cisco,CI7L000290.webp,https://8ec.jp/images/products/CI7L000290.webp,public/images/products/CI7L000290.webp,,画像準備中・公式画像へ差替待ち
CI7L002020,SFP-10G-LR-S=,Cisco,CI7L002020.webp,https://8ec.jp/images/products/CI7L002020.webp,public/images/products/CI7L002020.webp,,画像準備中・公式画像へ差替待ち
CI7L000300,SFP-10G-LR=,Cisco,CI7L000300.webp,https://8ec.jp/images/products/CI7L000300.webp,public/images/products/CI7L000300.webp,,画像準備中・公式画像へ差替待ち
CI7L002190,SFP-10G-AOC3M=,Cisco,CI7L002190.webp,https://8ec.jp/images/products/CI7L002190.webp,public/images/products/CI7L002190.webp,,画像準備中・公式画像へ差替待ち
CI7L002200,SFP-25G-AOC3M=,Cisco,CI7L002200.webp,https://8ec.jp/images/products/CI7L002200.webp,public/images/products/CI7L002200.webp,,画像準備中・公式画像へ差替待ち
CI7L002290,SFP-H25G-CU3M=,Cisco,CI7L002290.webp,https://8ec.jp/images/products/CI7L002290.webp,public/images/products/CI7L002290.webp,,画像準備中・公式画像へ差替待ち
CI7L001790,QSFP-40G-SR-BD=,Cisco,CI7L001790.webp,https://8ec.jp/images/products/CI7L001790.webp,public/images/products/CI7L001790.webp,,画像準備中・公式画像へ差替待ち
CI7L002820,QSFP-40/100-SRBD=,Cisco,CI7L002820.webp,https://8ec.jp/images/products/CI7L002820.webp,public/images/products/CI7L002820.webp,,画像準備中・公式画像へ差替待ち
CI7L000570,QSFP-40G-SR4=,Cisco,CI7L000570.webp,https://8ec.jp/images/products/CI7L000570.webp,public/images/products/CI7L000570.webp,,画像準備中・公式画像へ差替待ち
CI7L002640,QSFP-40G-SR4-S=,Cisco,CI7L002640.webp,https://8ec.jp/images/products/CI7L002640.webp,public/images/products/CI7L002640.webp,,画像準備中・公式画像へ差替待ち
CI7L002270,QSFP-40G-LR4-S=,Cisco,CI7L002270.webp,https://8ec.jp/images/products/CI7L002270.webp,public/images/products/CI7L002270.webp,,画像準備中・公式画像へ差替待ち
CI7L003070,QSFP-100G-DR-S=,Cisco,CI7L003070.webp,https://8ec.jp/images/products/CI7L003070.webp,public/images/products/CI7L003070.webp,,画像準備中・公式画像へ差替待ち
CI7L002550,QSFP-100G-LR4-S=,Cisco,CI7L002550.webp,https://8ec.jp/images/products/CI7L002550.webp,public/images/products/CI7L002550.webp,,画像準備中・公式画像へ差替待ち
CI7L001950,QSFP-100G-SR4-S=,Cisco,CI7L001950.webp,https://8ec.jp/images/products/CI7L001950.webp,public/images/products/CI7L001950.webp,,画像準備中・公式画像へ差替待ち
CI7L002730,QSFP-H40G-AOC3M=,Cisco,CI7L002730.webp,https://8ec.jp/images/products/CI7L002730.webp,public/images/products/CI7L002730.webp,,画像準備中・公式画像へ差替待ち
CI7L000580,QSFP-H40G-CU1M=,Cisco,CI7L000580.webp,https://8ec.jp/images/products/CI7L000580.webp,public/images/products/CI7L000580.webp,,画像準備中・公式画像へ差替待ち
CI7L002060,QSFP-100G-CU1M=,Cisco,CI7L002060.webp,https://8ec.jp/images/products/CI7L002060.webp,public/images/products/CI7L002060.webp,,画像準備中・公式画像へ差替待ち
CI7L001830,CVR-QSFP-SFP10G=,Cisco,CI7L001830.webp,https://8ec.jp/images/products/CI7L001830.webp,public/images/products/CI7L001830.webp,,画像準備中・公式画像へ差替待ち
CI7L000135,GLC-TE=,Cisco,CI7L000135.webp,https://8ec.jp/images/products/CI7L000135.webp,public/images/products/CI7L000135.webp,,画像準備中・公式画像へ差替待ち
CI7L000200,GLC-SX-MMD=,Cisco,CI7L000200.webp,https://8ec.jp/images/products/CI7L000200.webp,public/images/products/CI7L000200.webp,,画像準備中・公式画像へ差替待ち
CI7L000210,GLC-LH-SMD=,Cisco,CI7L000210.webp,https://8ec.jp/images/products/CI7L000210.webp,public/images/products/CI7L000210.webp,,画像準備中・公式画像へ差替待ち
CI7J004350,N9K-C93180YC-FX3,Cisco,CI7J004350.webp,https://8ec.jp/images/products/CI7J004350.webp,public/images/products/CI7J004350.webp,,画像準備中・公式画像へ差替待ち
CI7J004360,N9K-C93180YC-FX3,Cisco,CI7J004360.webp,https://8ec.jp/images/products/CI7J004360.webp,public/images/products/CI7J004360.webp,,画像準備中・公式画像へ差替待ち
PZ1AA03BA1,FG-30G-US,Fortinet,PZ1AA03BA1.webp,https://8ec.jp/images/products/PZ1AA03BA1.webp,public/images/products/PZ1AA03BA1.webp,,画像準備中・公式画像へ差替待ち
PZ1AA04AA0,FG-40F-US,Fortinet,PZ1AA04AA0.webp,https://8ec.jp/images/products/PZ1AA04AA0.webp,public/images/products/PZ1AA04AA0.webp,,画像準備中・公式画像へ差替待ち
PZ1AA05BA1,FG-50G-US,Fortinet,PZ1AA05BA1.webp,https://8ec.jp/images/products/PZ1AA05BA1.webp,public/images/products/PZ1AA05BA1.webp,,画像準備中・公式画像へ差替待ち
PZ1AA06CA0,FG-60F-US,Fortinet,PZ1AA06CA0.webp,https://8ec.jp/images/products/PZ1AA06CA0.webp,public/images/products/PZ1AA06CA0.webp,https://www.fortinet.com/blog/business-and-technology/fortinet-announces-fortigate-60f-ngfw/_jcr_content/root/responsivegrid/image.img.png/1572470288517/fortigate-fig-one.png,元画像URLあり・自社画像へ差替待ち
PZ1AA07DA1,FG-70G-US,Fortinet,PZ1AA07DA1.webp,https://8ec.jp/images/products/PZ1AA07DA1.webp,public/images/products/PZ1AA07DA1.webp,,画像準備中・公式画像へ差替待ち
PZ1AA09CA2,FG-90G-US,Fortinet,PZ1AA09CA2.webp,https://8ec.jp/images/products/PZ1AA09CA2.webp,public/images/products/PZ1AA09CA2.webp,,画像準備中・公式画像へ差替待ち
PZ1AA10DA0,FG-100F-US,Fortinet,PZ1AA10DA0.webp,https://8ec.jp/images/products/PZ1AA10DA0.webp,public/images/products/PZ1AA10DA0.webp,,画像準備中・公式画像へ差替待ち
PZ1AA12AA2,FG-120G-US,Fortinet,PZ1AA12AA2.webp,https://8ec.jp/images/products/PZ1AA12AA2.webp,public/images/products/PZ1AA12AA2.webp,,画像準備中・公式画像へ差替待ち
PZ1AA12BA2,FG-121G-US,Fortinet,PZ1AA12BA2.webp,https://8ec.jp/images/products/PZ1AA12BA2.webp,public/images/products/PZ1AA12BA2.webp,,画像準備中・公式画像へ差替待ち
PZ1AA20DA0,FG-200F-US,Fortinet,PZ1AA20DA0.webp,https://8ec.jp/images/products/PZ1AA20DA0.webp,public/images/products/PZ1AA20DA0.webp,,画像準備中・公式画像へ差替待ち
PZ1AA20FA1,FG-200G-US,Fortinet,PZ1AA20FA1.webp,https://8ec.jp/images/products/PZ1AA20FA1.webp,public/images/products/PZ1AA20FA1.webp,,画像準備中・公式画像へ差替待ち
PZ1AB03BA0,FG-30G-BDL-US,Fortinet,PZ1AB03BA0.webp,https://8ec.jp/images/products/PZ1AB03BA0.webp,public/images/products/PZ1AB03BA0.webp,,画像準備中・公式画像へ差替待ち
PZ1AB04AA0,FG-40F-BDL-US,Fortinet,PZ1AB04AA0.webp,https://8ec.jp/images/products/PZ1AB04AA0.webp,public/images/products/PZ1AB04AA0.webp,,画像準備中・公式画像へ差替待ち
PZ1AB05BA1,FG-50G-BDL-US,Fortinet,PZ1AB05BA1.webp,https://8ec.jp/images/products/PZ1AB05BA1.webp,public/images/products/PZ1AB05BA1.webp,,画像準備中・公式画像へ差替待ち
PZ1AB06CA0,FG-60F-BDL-US,Fortinet,PZ1AB06CA0.webp,https://8ec.jp/images/products/PZ1AB06CA0.webp,public/images/products/PZ1AB06CA0.webp,,画像準備中・公式画像へ差替待ち
PZ1AB07DA1,FG-70G-BDL-US,Fortinet,PZ1AB07DA1.webp,https://8ec.jp/images/products/PZ1AB07DA1.webp,public/images/products/PZ1AB07DA1.webp,,画像準備中・公式画像へ差替待ち
PZ1AB09CA2,FG-90G-BDL-US,Fortinet,PZ1AB09CA2.webp,https://8ec.jp/images/products/PZ1AB09CA2.webp,public/images/products/PZ1AB09CA2.webp,,画像準備中・公式画像へ差替待ち
PZ1AB12AA2,FG-120G-BDL-US,Fortinet,PZ1AB12AA2.webp,https://8ec.jp/images/products/PZ1AB12AA2.webp,public/images/products/PZ1AB12AA2.webp,,画像準備中・公式画像へ差替待ち
PZ1AB12BA2,FG-121G-BDL-US,Fortinet,PZ1AB12BA2.webp,https://8ec.jp/images/products/PZ1AB12BA2.webp,public/images/products/PZ1AB12BA2.webp,,画像準備中・公式画像へ差替待ち
PZ1AB20DA0,FG-200F-BDL-US,Fortinet,PZ1AB20DA0.webp,https://8ec.jp/images/products/PZ1AB20DA0.webp,public/images/products/PZ1AB20DA0.webp,,画像準備中・公式画像へ差替待ち
PZ1AB20FA1,FG-200G-BDL-US,Fortinet,PZ1AB20FA1.webp,https://8ec.jp/images/products/PZ1AB20FA1.webp,public/images/products/PZ1AB20FA1.webp,,画像準備中・公式画像へ差替待ち
PZ1AZ20BA0,FS-AX2340S-16T4X,Fortinet,PZ1AZ20BA0.webp,https://8ec.jp/images/products/PZ1AZ20BA0.webp,public/images/products/PZ1AZ20BA0.webp,,画像準備中・公式画像へ差替待ち
PZ1SZ20AA1,FS-AXF2430-PSA06,Fortinet,PZ1SZ20AA1.webp,https://8ec.jp/images/products/PZ1SZ20AA1.webp,public/images/products/PZ1SZ20AA1.webp,,画像準備中・公式画像へ差替待ち
PZ1SZ20DA1,FS-AXF2430-FAN04,Fortinet,PZ1SZ20DA1.webp,https://8ec.jp/images/products/PZ1SZ20DA1.webp,public/images/products/PZ1SZ20DA1.webp,,画像準備中・公式画像へ差替待ち
PZ1AZ20EA1,FS-AX2340S-24T4X,Fortinet,PZ1AZ20EA1.webp,https://8ec.jp/images/products/PZ1AZ20EA1.webp,public/images/products/PZ1AZ20EA1.webp,,画像準備中・公式画像へ差替待ち
PZ1AZ20JA1,FS-AX2630S-24T4XW,Fortinet,PZ1AZ20JA1.webp,https://8ec.jp/images/products/PZ1AZ20JA1.webp,public/images/products/PZ1AZ20JA1.webp,,画像準備中・公式画像へ差替待ち
PZ1AZ20CA1,FS-AX2340S-24P4X,Fortinet,PZ1AZ20CA1.webp,https://8ec.jp/images/products/PZ1AZ20CA1.webp,public/images/products/PZ1AZ20CA1.webp,,画像準備中・公式画像へ差替待ち
PZ1AZ30EA1,FS-AX3660S-48X4QW,Fortinet,PZ1AZ30EA1.webp,https://8ec.jp/images/products/PZ1AZ30EA1.webp,public/images/products/PZ1AZ30EA1.webp,,画像準備中・公式画像へ差替待ち
PZ1AS00A01,SP-RACKTRAY-02,Fortinet,PZ1AS00A01.webp,https://8ec.jp/images/products/PZ1AS00A01.webp,public/images/products/PZ1AS00A01.webp,,画像準備中・公式画像へ差替待ち
PZ1AAK2G00,FN-TRAN-GC,Fortinet,PZ1AAK2G00.webp,https://8ec.jp/images/products/PZ1AAK2G00.webp,public/images/products/PZ1AAK2G00.webp,,画像準備中・公式画像へ差替待ち
PZ1AR01LA0,FN-TRAN-LX,Fortinet,PZ1AR01LA0.webp,https://8ec.jp/images/products/PZ1AR01LA0.webp,public/images/products/PZ1AR01LA0.webp,,画像準備中・公式画像へ差替待ち
PZ1AR01NA0,FN-TRAN-SX,Fortinet,PZ1AR01NA0.webp,https://8ec.jp/images/products/PZ1AR01NA0.webp,public/images/products/PZ1AR01NA0.webp,,画像準備中・公式画像へ差替待ち
PZ1AR02L00,FN-TRAN-SFP+GC,Fortinet,PZ1AR02L00.webp,https://8ec.jp/images/products/PZ1AR02L00.webp,public/images/products/PZ1AR02L00.webp,,画像準備中・公式画像へ差替待ち
PZ1AR02NA0,FN-TRAN-SFP+SR,Fortinet,PZ1AR02NA0.webp,https://8ec.jp/images/products/PZ1AR02NA0.webp,public/images/products/PZ1AR02NA0.webp,,画像準備中・公式画像へ差替待ち
PZ1AR02PA0,FN-TRAN-SFP+LR,Fortinet,PZ1AR02PA0.webp,https://8ec.jp/images/products/PZ1AR02PA0.webp,public/images/products/PZ1AR02PA0.webp,,画像準備中・公式画像へ差替待ち
IB1PP82120,0A33908,レノボ・ジャパン,IB1PP82120.webp,https://8ec.jp/images/products/IB1PP82120.webp,public/images/products/IB1PP82120.webp,,画像準備中・公式画像へ差替待ち
IB1PP80690,0B47069,レノボ・ジャパン,IB1PP80690.webp,https://8ec.jp/images/products/IB1PP80690.webp,public/images/products/IB1PP80690.webp,,画像準備中・公式画像へ差替待ち
IB1PP80740,0B47091,レノボ・ジャパン,IB1PP80740.webp,https://8ec.jp/images/products/IB1PP80740.webp,public/images/products/IB1PP80740.webp,,画像準備中・公式画像へ差替待ち
IB1LCTP254,30KL0005JP,レノボ・ジャパン,IB1LCTP254.webp,https://8ec.jp/images/products/IB1LCTP254.webp,public/images/products/IB1LCTP254.webp,,画像準備中・公式画像へ差替待ち
IB1PP88190,40AF0135JP,レノボ・ジャパン,IB1PP88190.webp,https://8ec.jp/images/products/IB1PP88190.webp,public/images/products/IB1PP88190.webp,,画像準備中・公式画像へ差替待ち
IB1PP86700,4X20M26255,レノボ・ジャパン,IB1PP86700.webp,https://8ec.jp/images/products/IB1PP86700.webp,public/images/products/IB1PP86700.webp,,画像準備中・公式画像へ差替待ち
IB1PP90450,4X20V24677,レノボ・ジャパン,IB1PP90450.webp,https://8ec.jp/images/products/IB1PP90450.webp,public/images/products/IB1PP90450.webp,,画像準備中・公式画像へ差替待ち
IB1PP86280,4X30H56862,レノボ・ジャパン,IB1PP86280.webp,https://8ec.jp/images/products/IB1PP86280.webp,public/images/products/IB1PP86280.webp,,画像準備中・公式画像へ差替待ち
IB1PP86300,4X30H56886,レノボ・ジャパン,IB1PP86300.webp,https://8ec.jp/images/products/IB1PP86300.webp,public/images/products/IB1PP86300.webp,,画像準備中・公式画像へ差替待ち
IB1PP86860,4X30M56887,レノボ・ジャパン,IB1PP86860.webp,https://8ec.jp/images/products/IB1PP86860.webp,public/images/products/IB1PP86860.webp,,画像準備中・公式画像へ差替待ち
IB1PP87500,4X40N18008,レノボ・ジャパン,IB1PP87500.webp,https://8ec.jp/images/products/IB1PP87500.webp,public/images/products/IB1PP87500.webp,,画像準備中・公式画像へ差替待ち
IB1PP87510,4X40N18009,レノボ・ジャパン,IB1PP87510.webp,https://8ec.jp/images/products/IB1PP87510.webp,public/images/products/IB1PP87510.webp,,画像準備中・公式画像へ差替待ち
IB1PP86210,4X90L13971,レノボ・ジャパン,IB1PP86210.webp,https://8ec.jp/images/products/IB1PP86210.webp,public/images/products/IB1PP86210.webp,,画像準備中・公式画像へ差替待ち
IB1PP88220,4X90Q84427,レノボ・ジャパン,IB1PP88220.webp,https://8ec.jp/images/products/IB1PP88220.webp,public/images/products/IB1PP88220.webp,,画像準備中・公式画像へ差替待ち
IB1PP89750,4X90U90619,レノボ・ジャパン,IB1PP89750.webp,https://8ec.jp/images/products/IB1PP89750.webp,public/images/products/IB1PP89750.webp,,画像準備中・公式画像へ差替待ち
IB1PP88830,4Y50R20863,レノボ・ジャパン,IB1PP88830.webp,https://8ec.jp/images/products/IB1PP88830.webp,public/images/products/IB1PP88830.webp,,画像準備中・公式画像へ差替待ち
IB1PP90800,4Y50X88822,レノボ・ジャパン,IB1PP90800.webp,https://8ec.jp/images/products/IB1PP90800.webp,public/images/products/IB1PP90800.webp,,画像準備中・公式画像へ差替待ち
IB1LR17370,ZAE50017JP,レノボ・ジャパン,IB1LR17370.webp,https://8ec.jp/images/products/IB1LR17370.webp,public/images/products/IB1LR17370.webp,,画像準備中・公式画像へ差替待ち
IB1LR17380,ZAEK0002JP,レノボ・ジャパン,IB1LR17380.webp,https://8ec.jp/images/products/IB1LR17380.webp,public/images/products/IB1LR17380.webp,,画像準備中・公式画像へ差替待ち
IB1LR17390,ZAEL0018JP,レノボ・ジャパン,IB1LR17390.webp,https://8ec.jp/images/products/IB1LR17390.webp,public/images/products/IB1LR17390.webp,,画像準備中・公式画像へ差替待ち
IB1LR00010,ZADC0062JP,レノボ・ジャパン,IB1LR00010.webp,https://8ec.jp/images/products/IB1LR00010.webp,public/images/products/IB1LR00010.webp,,画像準備中・公式画像へ差替待ち
IB1LR00020,ZADG0015JP,レノボ・ジャパン,IB1LR00020.webp,https://8ec.jp/images/products/IB1LR00020.webp,public/images/products/IB1LR00020.webp,,画像準備中・公式画像へ差替待ち
IB1L005870,13DGS3W100,レノボ・ジャパン,IB1L005870.webp,https://8ec.jp/images/products/IB1L005870.webp,public/images/products/IB1L005870.webp,,画像準備中・公式画像へ差替待ち
IB1L005890,13DGS3W000,レノボ・ジャパン,IB1L005890.webp,https://8ec.jp/images/products/IB1L005890.webp,public/images/products/IB1L005890.webp,,画像準備中・公式画像へ差替待ち
IB1L005900,13DGS3VY00,レノボ・ジャパン,IB1L005900.webp,https://8ec.jp/images/products/IB1L005900.webp,public/images/products/IB1L005900.webp,,画像準備中・公式画像へ差替待ち
IB1L005280,40BA0265JP,レノボ・ジャパン,IB1L005280.webp,https://8ec.jp/images/products/IB1L005280.webp,public/images/products/IB1L005280.webp,,画像準備中・公式画像へ差替待ち
IB1PH08810,12TE0006JP,レノボ・ジャパン,IB1PH08810.webp,https://8ec.jp/images/products/IB1PH08810.webp,public/images/products/IB1PH08810.webp,,画像準備中・公式画像へ差替待ち
IB1PP94500,12N8GAR1JP,レノボ・ジャパン,IB1PP94500.webp,https://8ec.jp/images/products/IB1PP94500.webp,public/images/products/IB1PP94500.webp,,画像準備中・公式画像へ差替待ち
IB1PP94510,12NAGAR1JP,レノボ・ジャパン,IB1PP94510.webp,https://8ec.jp/images/products/IB1PP94510.webp,public/images/products/IB1PP94510.webp,,画像準備中・公式画像へ差替待ち
IB1L020930,13DGS4N600,レノボ・ジャパン,IB1L020930.webp,https://8ec.jp/images/products/IB1L020930.webp,public/images/products/IB1L020930.webp,,画像準備中・公式画像へ差替待ち
IB1L020940,13DGS4N800,レノボ・ジャパン,IB1L020940.webp,https://8ec.jp/images/products/IB1L020940.webp,public/images/products/IB1L020940.webp,,画像準備中・公式画像へ差替待ち
IB1L020950,13DGS4N700,レノボ・ジャパン,IB1L020950.webp,https://8ec.jp/images/products/IB1L020950.webp,public/images/products/IB1L020950.webp,,画像準備中・公式画像へ差替待ち
IB1L020960,13DGS4N900,レノボ・ジャパン,IB1L020960.webp,https://8ec.jp/images/products/IB1L020960.webp,public/images/products/IB1L020960.webp,,画像準備中・公式画像へ差替待ち
IB1L005990,40BF0100JP,レノボ・ジャパン,IB1L005990.webp,https://8ec.jp/images/products/IB1L005990.webp,public/images/products/IB1L005990.webp,,画像準備中・公式画像へ差替待ち
IB1L003340,21RK006BJP,レノボ・ジャパン,IB1L003340.webp,https://8ec.jp/images/products/IB1L003340.webp,public/images/products/IB1L003340.webp,,画像準備中・公式画像へ差替待ち
IB1L004260,21R5000NJP,レノボ・ジャパン,IB1L004260.webp,https://8ec.jp/images/products/IB1L004260.webp,public/images/products/IB1L004260.webp,,画像準備中・公式画像へ差替待ち
IB1L003590,21S60046JP,レノボ・ジャパン,IB1L003590.webp,https://8ec.jp/images/products/IB1L003590.webp,public/images/products/IB1L003590.webp,,画像準備中・公式画像へ差替待ち
IB1L003900,64BAMAR1JP,レノボ・ジャパン,IB1L003900.webp,https://8ec.jp/images/products/IB1L003900.webp,public/images/products/IB1L003900.webp,,画像準備中・公式画像へ差替待ち
IB1PP93300,62F7KAR4JP,レノボ・ジャパン,IB1PP93300.webp,https://8ec.jp/images/products/IB1PP93300.webp,public/images/products/IB1PP93300.webp,,画像準備中・公式画像へ差替待ち
IB1PP94850,63DFKAR4JP,レノボ・ジャパン,IB1PP94850.webp,https://8ec.jp/images/products/IB1PP94850.webp,public/images/products/IB1PP94850.webp,,画像準備中・公式画像へ差替待ち
IB1PP94860,63DEKAR3JP,レノボ・ジャパン,IB1PP94860.webp,https://8ec.jp/images/products/IB1PP94860.webp,public/images/products/IB1PP94860.webp,,画像準備中・公式画像へ差替待ち
IB1L003100,64B5KAR1JP,レノボ・ジャパン,IB1L003100.webp,https://8ec.jp/images/products/IB1L003100.webp,public/images/products/IB1L003100.webp,,画像準備中・公式画像へ差替待ち
IB1L006040,64CBKAR6JP,レノボ・ジャパン,IB1L006040.webp,https://8ec.jp/images/products/IB1L006040.webp,public/images/products/IB1L006040.webp,,画像準備中・公式画像へ差替待ち
IB1L021870,64BFUAR1JP,レノボ・ジャパン,IB1L021870.webp,https://8ec.jp/images/products/IB1L021870.webp,public/images/products/IB1L021870.webp,,画像準備中・公式画像へ差替待ち
IB1PP95810,63FDUAR6JP,レノボ・ジャパン,IB1PP95810.webp,https://8ec.jp/images/products/IB1PP95810.webp,public/images/products/IB1PP95810.webp,,画像準備中・公式画像へ差替待ち
IB1PP93690,63B0MAR6JP,レノボ・ジャパン,IB1PP93690.webp,https://8ec.jp/images/products/IB1PP93690.webp,public/images/products/IB1PP93690.webp,,画像準備中・公式画像へ差替待ち
IB1L020970,64D2GAR2JP,レノボ・ジャパン,IB1L020970.webp,https://8ec.jp/images/products/IB1L020970.webp,public/images/products/IB1L020970.webp,,画像準備中・公式画像へ差替待ち
IB1L003510,4Y41R64588,レノボ・ジャパン,IB1L003510.webp,https://8ec.jp/images/products/IB1L003510.webp,public/images/products/IB1L003510.webp,,画像準備中・公式画像へ差替待ち
IB1L003520,4Y41R90028,レノボ・ジャパン,IB1L003520.webp,https://8ec.jp/images/products/IB1L003520.webp,public/images/products/IB1L003520.webp,,画像準備中・公式画像へ差替待ち
IB1PP93220,4XE1F30276,レノボ・ジャパン,IB1PP93220.webp,https://8ec.jp/images/products/IB1PP93220.webp,public/images/products/IB1PP93220.webp,,画像準備中・公式画像へ差替待ち
IB1L003320,4Y41R64654,レノボ・ジャパン,IB1L003320.webp,https://8ec.jp/images/products/IB1L003320.webp,public/images/products/IB1L003320.webp,,画像準備中・公式画像へ差替待ち
IB1L004390,4X31R64453,レノボ・ジャパン,IB1L004390.webp,https://8ec.jp/images/products/IB1L004390.webp,public/images/products/IB1L004390.webp,,画像準備中・公式画像へ差替待ち
IB1L004380,4X31R64474,レノボ・ジャパン,IB1L004380.webp,https://8ec.jp/images/products/IB1L004380.webp,public/images/products/IB1L004380.webp,,画像準備中・公式画像へ差替待ち
IB1L009730,83TBS00S00,レノボ・ジャパン,IB1L009730.webp,https://8ec.jp/images/products/IB1L009730.webp,public/images/products/IB1L009730.webp,,画像準備中・公式画像へ差替待ち
IB1PP94950,4XE1L51710,レノボ・ジャパン,IB1PP94950.webp,https://8ec.jp/images/products/IB1PP94950.webp,public/images/products/IB1PP94950.webp,,画像準備中・公式画像へ差替待ち
IB1PP92540,4XJ1D33268,レノボ・ジャパン,IB1PP92540.webp,https://8ec.jp/images/products/IB1PP92540.webp,public/images/products/IB1PP92540.webp,,画像準備中・公式画像へ差替待ち
IB1PP94940,4X81M52314,レノボ・ジャパン,IB1PP94940.webp,https://8ec.jp/images/products/IB1PP94940.webp,public/images/products/IB1PP94940.webp,,画像準備中・公式画像へ差替待ち
IB1PP95440,4X11N40212,レノボ・ジャパン,IB1PP95440.webp,https://8ec.jp/images/products/IB1PP95440.webp,public/images/products/IB1PP95440.webp,,画像準備中・公式画像へ差替待ち
IB1PP95640,40B90000WW,レノボ・ジャパン,IB1PP95640.webp,https://8ec.jp/images/products/IB1PP95640.webp,public/images/products/IB1PP95640.webp,,画像準備中・公式画像へ差替待ち
IB1PP94540,4X21L54608,レノボ・ジャパン,IB1PP94540.webp,https://8ec.jp/images/products/IB1PP94540.webp,public/images/products/IB1PP94540.webp,,画像準備中・公式画像へ差替待ち
IB1L021770,ZAHC0007JP,レノボ・ジャパン,IB1L021770.webp,https://8ec.jp/images/products/IB1L021770.webp,public/images/products/IB1L021770.webp,,画像準備中・公式画像へ差替待ち
IB1LR17360,83HKS00M00,レノボ・ジャパン,IB1LR17360.webp,https://8ec.jp/images/products/IB1LR17360.webp,public/images/products/IB1LR17360.webp,,画像準備中・公式画像へ差替待ち
IB1L020860,83NV0020JP,レノボ・ジャパン,IB1L020860.webp,https://8ec.jp/images/products/IB1L020860.webp,public/images/products/IB1L020860.webp,,画像準備中・公式画像へ差替待ち
IB1L003470,83NV000HJP,レノボ・ジャパン,IB1L003470.webp,https://8ec.jp/images/products/IB1L003470.webp,public/images/products/IB1L003470.webp,,画像準備中・公式画像へ差替待ち
IB1L005000,ZAFS0052JP,レノボ・ジャパン,IB1L005000.webp,https://8ec.jp/images/products/IB1L005000.webp,public/images/products/IB1L005000.webp,,画像準備中・公式画像へ差替待ち
IB1L005010,ZAFS0110JP,レノボ・ジャパン,IB1L005010.webp,https://8ec.jp/images/products/IB1L005010.webp,public/images/products/IB1L005010.webp,,画像準備中・公式画像へ差替待ち
IB1LR17250,ZADS0057JP,レノボ・ジャパン,IB1LR17250.webp,https://8ec.jp/images/products/IB1LR17250.webp,public/images/products/IB1LR17250.webp,,画像準備中・公式画像へ差替待ち
IB1L006130,ZAEK0073JP,レノボ・ジャパン,IB1L006130.webp,https://8ec.jp/images/products/IB1L006130.webp,public/images/products/IB1L006130.webp,,画像準備中・公式画像へ差替待ち
IB1L006140,ZAEL0085JP,レノボ・ジャパン,IB1L006140.webp,https://8ec.jp/images/products/IB1L006140.webp,public/images/products/IB1L006140.webp,,画像準備中・公式画像へ差替待ち
IB1L006110,ZAGJ0013JP,レノボ・ジャパン,IB1L006110.webp,https://8ec.jp/images/products/IB1L006110.webp,public/images/products/IB1L006110.webp,,画像準備中・公式画像へ差替待ち
IB1L006120,ZAGJ0044JP,レノボ・ジャパン,IB1L006120.webp,https://8ec.jp/images/products/IB1L006120.webp,public/images/products/IB1L006120.webp,,画像準備中・公式画像へ差替待ち
IB1L006150,ZAF20100JP,レノボ・ジャパン,IB1L006150.webp,https://8ec.jp/images/products/IB1L006150.webp,public/images/products/IB1L006150.webp,,画像準備中・公式画像へ差替待ち
IB1L006160,ZAF30093JP,レノボ・ジャパン,IB1L006160.webp,https://8ec.jp/images/products/IB1L006160.webp,public/images/products/IB1L006160.webp,,画像準備中・公式画像へ差替待ち
IB1L020600,ZAF20021JP,レノボ・ジャパン,IB1L020600.webp,https://8ec.jp/images/products/IB1L020600.webp,public/images/products/IB1L020600.webp,,画像準備中・公式画像へ差替待ち
IB1L020840,83UT002HJP,レノボ・ジャパン,IB1L020840.webp,https://8ec.jp/images/products/IB1L020840.webp,public/images/products/IB1L020840.webp,,画像準備中・公式画像へ差替待ち
IB1L020910,83UU0037JP,レノボ・ジャパン,IB1L020910.webp,https://8ec.jp/images/products/IB1L020910.webp,public/images/products/IB1L020910.webp,,画像準備中・公式画像へ差替待ち
IB1L004860,83GW008YJP,レノボ・ジャパン,IB1L004860.webp,https://8ec.jp/images/products/IB1L004860.webp,public/images/products/IB1L004860.webp,,画像準備中・公式画像へ差替待ち
IB1L020870,83GW00MSJP,レノボ・ジャパン,IB1L020870.webp,https://8ec.jp/images/products/IB1L020870.webp,public/images/products/IB1L020870.webp,,画像準備中・公式画像へ差替待ち
IB1L020880,83GW00MPJP,レノボ・ジャパン,IB1L020880.webp,https://8ec.jp/images/products/IB1L020880.webp,public/images/products/IB1L020880.webp,,画像準備中・公式画像へ差替待ち
IB1L020890,83GW00MUJP,レノボ・ジャパン,IB1L020890.webp,https://8ec.jp/images/products/IB1L020890.webp,public/images/products/IB1L020890.webp,,画像準備中・公式画像へ差替待ち
IB1L004880,83GU007UJP,レノボ・ジャパン,IB1L004880.webp,https://8ec.jp/images/products/IB1L004880.webp,public/images/products/IB1L004880.webp,,画像準備中・公式画像へ差替待ち
IB1L005320,83GU00A3JP,レノボ・ジャパン,IB1L005320.webp,https://8ec.jp/images/products/IB1L005320.webp,public/images/products/IB1L005320.webp,,画像準備中・公式画像へ差替待ち
IB1L009700,83GU00CGJP,レノボ・ジャパン,IB1L009700.webp,https://8ec.jp/images/products/IB1L009700.webp,public/images/products/IB1L009700.webp,,画像準備中・公式画像へ差替待ち
IB1L020820,83GU00EGJP,レノボ・ジャパン,IB1L020820.webp,https://8ec.jp/images/products/IB1L020820.webp,public/images/products/IB1L020820.webp,,画像準備中・公式画像へ差替待ち
OH3B010130,CF-FV5TDAAS,パナソニック,OH3B010130.webp,https://8ec.jp/images/products/OH3B010130.webp,public/images/products/OH3B010130.webp,https://panasonic.jp/cns/pc/products/fv5g/img/top/fv_model.png,元画像URLあり・自社画像へ差替待ち
OH3B009740,CF-SR4RDAAS,パナソニック,OH3B009740.webp,https://8ec.jp/images/products/OH3B009740.webp,public/images/products/OH3B009740.webp,,画像準備中・公式画像へ差替待ち
OH3B010430,CF-FC6RDAAS,パナソニック,OH3B010430.webp,https://8ec.jp/images/products/OH3B010430.webp,public/images/products/OH3B010430.webp,,画像準備中・公式画像へ差替待ち
OH3B010480,CF-FV4A11AS,パナソニック,OH3B010480.webp,https://8ec.jp/images/products/OH3B010480.webp,public/images/products/OH3B010480.webp,,画像準備中・公式画像へ差替待ち
OH3B010360,CF-SC6RDAAS,パナソニック,OH3B010360.webp,https://8ec.jp/images/products/OH3B010360.webp,public/images/products/OH3B010360.webp,,画像準備中・公式画像へ差替待ち
CQ65218380,B9NN4AT#ABJ,日本ＨＰ,CQ65218380.webp,https://8ec.jp/images/products/CQ65218380.webp,public/images/products/CQ65218380.webp,,画像準備中・公式画像へ差替待ち
CQ65900260,C39BPAT#ABJ,日本ＨＰ,CQ65900260.webp,https://8ec.jp/images/products/CQ65900260.webp,public/images/products/CQ65900260.webp,,画像準備中・公式画像へ差替待ち
TZ4P180534,A6BWLALC5EWA,Ｄｙｎａｂｏｏｋ,TZ4P180534.webp,https://8ec.jp/images/products/TZ4P180534.webp,public/images/products/TZ4P180534.webp,,画像準備中・公式画像へ差替待ち
TZ4P180532,A6VPLAH753GA,Ｄｙｎａｂｏｏｋ,TZ4P180532.webp,https://8ec.jp/images/products/TZ4P180532.webp,public/images/products/TZ4P180532.webp,,画像準備中・公式画像へ差替待ち
IB1L004860,83GW008YJP,レノボ・ジャパン,IB1L004860.webp,https://8ec.jp/images/products/IB1L004860.webp,public/images/products/IB1L004860.webp,,画像準備中・公式画像へ差替待ち
IB1LR00010,ZADC0062JP,レノボ・ジャパン,IB1LR00010.webp,https://8ec.jp/images/products/IB1LR00010.webp,public/images/products/IB1LR00010.webp,,画像準備中・公式画像へ差替待ち
IB1LR00020,ZADG0015JP,レノボ・ジャパン,IB1LR00020.webp,https://8ec.jp/images/products/IB1LR00020.webp,public/images/products/IB1LR00020.webp,,画像準備中・公式画像へ差替待ち
IB1L004880,83GU007UJP,レノボ・ジャパン,IB1L004880.webp,https://8ec.jp/images/products/IB1L004880.webp,public/images/products/IB1L004880.webp,,画像準備中・公式画像へ差替待ち
MS22001940,XGT-00017,日本マイクロソフト,MS22001940.webp,https://8ec.jp/images/products/MS22001940.webp,public/images/products/MS22001940.webp,,画像準備中・公式画像へ差替待ち
MS22001941,XHU-00015,日本マイクロソフト,MS22001941.webp,https://8ec.jp/images/products/MS22001941.webp,public/images/products/MS22001941.webp,,画像準備中・公式画像へ差替待ち
MS22002018,EP2-20949,日本マイクロソフト,MS22002018.webp,https://8ec.jp/images/products/MS22002018.webp,public/images/products/MS22002018.webp,,画像準備中・公式画像へ差替待ち
OH3B009510,CF-QR4RDAAS,パナソニック,OH3B009510.webp,https://8ec.jp/images/products/OH3B009510.webp,public/images/products/OH3B009510.webp,,画像準備中・公式画像へ差替待ち
OH3B010410,CF-FC6RDKAS,パナソニック,OH3B010410.webp,https://8ec.jp/images/products/OH3B010410.webp,public/images/products/OH3B010410.webp,,画像準備中・公式画像へ差替待ち
OH3B010320,CF-SC6SDHAS,パナソニック,OH3B010320.webp,https://8ec.jp/images/products/OH3B010320.webp,public/images/products/OH3B010320.webp,,画像準備中・公式画像へ差替待ち
OH3B010540,CF-FC6RD7AS,パナソニック,OH3B010540.webp,https://8ec.jp/images/products/OH3B010540.webp,public/images/products/OH3B010540.webp,,画像準備中・公式画像へ差替待ち
OH3B010510,CF-SC6RD7AS,パナソニック,OH3B010510.webp,https://8ec.jp/images/products/OH3B010510.webp,public/images/products/OH3B010510.webp,,画像準備中・公式画像へ差替待ち
OH3B011020,FZ-40JA40XAJ,パナソニック,OH3B011020.webp,https://8ec.jp/images/products/OH3B011020.webp,public/images/products/OH3B011020.webp,,画像準備中・公式画像へ差替待ち
OH3B010700,CF-FC7RDKAS,パナソニック,OH3B010700.webp,https://8ec.jp/images/products/OH3B010700.webp,public/images/products/OH3B010700.webp,,画像準備中・公式画像へ差替待ち
OH3B010640,CF-SC7RDKAS,パナソニック,OH3B010640.webp,https://8ec.jp/images/products/OH3B010640.webp,public/images/products/OH3B010640.webp,,画像準備中・公式画像へ差替待ち
CQ65217310,B1PK2PT#ABJ,日本ＨＰ,CQ65217310.webp,https://8ec.jp/images/products/CQ65217310.webp,public/images/products/CQ65217310.webp,,画像準備中・公式画像へ差替待ち
CQ65900280,CZ3A8PA#ABJ,日本ＨＰ,CQ65900280.webp,https://8ec.jp/images/products/CQ65900280.webp,public/images/products/CQ65900280.webp,,画像準備中・公式画像へ差替待ち
CQ69999453,BT6L9PA#ABJ,日本ＨＰ,CQ69999453.webp,https://8ec.jp/images/products/CQ69999453.webp,public/images/products/CQ69999453.webp,,画像準備中・公式画像へ差替待ち
CQ69999457,BQ8B2PA#ABJ,日本ＨＰ,CQ69999457.webp,https://8ec.jp/images/products/CQ69999457.webp,public/images/products/CQ69999457.webp,,画像準備中・公式画像へ差替待ち
CQ69999502,BQ8B0PA#ABJ,日本ＨＰ,CQ69999502.webp,https://8ec.jp/images/products/CQ69999502.webp,public/images/products/CQ69999502.webp,,画像準備中・公式画像へ差替待ち
DL5SPP0269,DTWS047-001N3,デル・テクノロジーズ,DL5SPP0269.webp,https://8ec.jp/images/products/DL5SPP0269.webp,public/images/products/DL5SPP0269.webp,,画像準備中・公式画像へ差替待ち
DL5SPL0816,NBLA143-002N1,デル・テクノロジーズ,DL5SPL0816.webp,https://8ec.jp/images/products/DL5SPL0816.webp,public/images/products/DL5SPL0816.webp,,画像準備中・公式画像へ差替待ち
DL5SPL0861,NBLA150-009H1,デル・テクノロジーズ,DL5SPL0861.webp,https://8ec.jp/images/products/DL5SPL0861.webp,public/images/products/DL5SPL0861.webp,,画像準備中・公式画像へ差替待ち
DL5SPL0868,NBLA151-008N1,デル・テクノロジーズ,DL5SPL0868.webp,https://8ec.jp/images/products/DL5SPL0868.webp,public/images/products/DL5SPL0868.webp,,画像準備中・公式画像へ差替待ち
DL5SPL0903,NBLA143-005H1,デル・テクノロジーズ,DL5SPL0903.webp,https://8ec.jp/images/products/DL5SPL0903.webp,public/images/products/DL5SPL0903.webp,,画像準備中・公式画像へ差替待ち
DL5SPL0883,NBLA154-002H1,デル・テクノロジーズ,DL5SPL0883.webp,https://8ec.jp/images/products/DL5SPL0883.webp,public/images/products/DL5SPL0883.webp,,画像準備中・公式画像へ差替待ち
DL5SPL0910,NBLA150-012N1,デル・テクノロジーズ,DL5SPL0910.webp,https://8ec.jp/images/products/DL5SPL0910.webp,public/images/products/DL5SPL0910.webp,,画像準備中・公式画像へ差替待ち
DL5SPL0906,NBLA144-005N1,デル・テクノロジーズ,DL5SPL0906.webp,https://8ec.jp/images/products/DL5SPL0906.webp,public/images/products/DL5SPL0906.webp,,画像準備中・公式画像へ差替待ち
DL5SPL0914,NBLA151-011N1,デル・テクノロジーズ,DL5SPL0914.webp,https://8ec.jp/images/products/DL5SPL0914.webp,public/images/products/DL5SPL0914.webp,,画像準備中・公式画像へ差替待ち
DL5SPL0912,NBLA150-013N1,デル・テクノロジーズ,DL5SPL0912.webp,https://8ec.jp/images/products/DL5SPL0912.webp,public/images/products/DL5SPL0912.webp,,画像準備中・公式画像へ差替待ち
DL5SPL0915,NBLA151-011H1,デル・テクノロジーズ,DL5SPL0915.webp,https://8ec.jp/images/products/DL5SPL0915.webp,public/images/products/DL5SPL0915.webp,,画像準備中・公式画像へ差替待ち
DL5SPL0913,NBLA150-013H1,デル・テクノロジーズ,DL5SPL0913.webp,https://8ec.jp/images/products/DL5SPL0913.webp,public/images/products/DL5SPL0913.webp,,画像準備中・公式画像へ差替待ち
DL5SPL0917,NBLA151-012H1,デル・テクノロジーズ,DL5SPL0917.webp,https://8ec.jp/images/products/DL5SPL0917.webp,public/images/products/DL5SPL0917.webp,,画像準備中・公式画像へ差替待ち
DL5SPL0929,NBLA152-011H1,デル・テクノロジーズ,DL5SPL0929.webp,https://8ec.jp/images/products/DL5SPL0929.webp,public/images/products/DL5SPL0929.webp,,画像準備中・公式画像へ差替待ち
DL5SPL0918,NBLA151-013N1,デル・テクノロジーズ,DL5SPL0918.webp,https://8ec.jp/images/products/DL5SPL0918.webp,public/images/products/DL5SPL0918.webp,,画像準備中・公式画像へ差替待ち
DL5SPL0930,NBLA152-012N1,デル・テクノロジーズ,DL5SPL0930.webp,https://8ec.jp/images/products/DL5SPL0930.webp,public/images/products/DL5SPL0930.webp,,画像準備中・公式画像へ差替待ち
DL5SPL0919,NBLA151-013H1,デル・テクノロジーズ,DL5SPL0919.webp,https://8ec.jp/images/products/DL5SPL0919.webp,public/images/products/DL5SPL0919.webp,,画像準備中・公式画像へ差替待ち
DL5SPL0931,NBLA152-012H1,デル・テクノロジーズ,DL5SPL0931.webp,https://8ec.jp/images/products/DL5SPL0931.webp,public/images/products/DL5SPL0931.webp,,画像準備中・公式画像へ差替待ち
DL5SPO0453,DTOP115-002N1,デル・テクノロジーズ,DL5SPO0453.webp,https://8ec.jp/images/products/DL5SPO0453.webp,public/images/products/DL5SPO0453.webp,,画像準備中・公式画像へ差替待ち
DL5SPL0922,NBLA155-011N1,デル・テクノロジーズ,DL5SPL0922.webp,https://8ec.jp/images/products/DL5SPL0922.webp,public/images/products/DL5SPL0922.webp,,画像準備中・公式画像へ差替待ち
DL5SPL0924,NBLA155-012N1,デル・テクノロジーズ,DL5SPL0924.webp,https://8ec.jp/images/products/DL5SPL0924.webp,public/images/products/DL5SPL0924.webp,,画像準備中・公式画像へ差替待ち
DL5SPL0942,NBLA155-014N1,デル・テクノロジーズ,DL5SPL0942.webp,https://8ec.jp/images/products/DL5SPL0942.webp,public/images/products/DL5SPL0942.webp,,画像準備中・公式画像へ差替待ち
DL5SPO0470,DTOP114-002H1,デル・テクノロジーズ,DL5SPO0470.webp,https://8ec.jp/images/products/DL5SPO0470.webp,public/images/products/DL5SPO0470.webp,,画像準備中・公式画像へ差替待ち
DL5SPO0517,DTOP114-022N1,デル・テクノロジーズ,DL5SPO0517.webp,https://8ec.jp/images/products/DL5SPO0517.webp,public/images/products/DL5SPO0517.webp,,画像準備中・公式画像へ差替待ち
DL5SPO0519,DTOP114-023N1,デル・テクノロジーズ,DL5SPO0519.webp,https://8ec.jp/images/products/DL5SPO0519.webp,public/images/products/DL5SPO0519.webp,,画像準備中・公式画像へ差替待ち
DL5SPO0520,DTOP114-023H1,デル・テクノロジーズ,DL5SPO0520.webp,https://8ec.jp/images/products/DL5SPO0520.webp,public/images/products/DL5SPO0520.webp,,画像準備中・公式画像へ差替待ち
DL5SPO0525,DTOP114-026N1,デル・テクノロジーズ,DL5SPO0525.webp,https://8ec.jp/images/products/DL5SPO0525.webp,public/images/products/DL5SPO0525.webp,,画像準備中・公式画像へ差替待ち
DL5SPO0526,DTOP114-026H1,デル・テクノロジーズ,DL5SPO0526.webp,https://8ec.jp/images/products/DL5SPO0526.webp,public/images/products/DL5SPO0526.webp,,画像準備中・公式画像へ差替待ち
DL5SPO0529,DTOP115-042N1,デル・テクノロジーズ,DL5SPO0529.webp,https://8ec.jp/images/products/DL5SPO0529.webp,public/images/products/DL5SPO0529.webp,,画像準備中・公式画像へ差替待ち
DL5SPO0530,DTOP115-042H1,デル・テクノロジーズ,DL5SPO0530.webp,https://8ec.jp/images/products/DL5SPO0530.webp,public/images/products/DL5SPO0530.webp,,画像準備中・公式画像へ差替待ち
DL5SPO0531,DTOP115-043N1,デル・テクノロジーズ,DL5SPO0531.webp,https://8ec.jp/images/products/DL5SPO0531.webp,public/images/products/DL5SPO0531.webp,,画像準備中・公式画像へ差替待ち
DL5SPO0532,DTOP115-043H1,デル・テクノロジーズ,DL5SPO0532.webp,https://8ec.jp/images/products/DL5SPO0532.webp,public/images/products/DL5SPO0532.webp,,画像準備中・公式画像へ差替待ち
DL5SPO0537,DTOP115-052N1,デル・テクノロジーズ,DL5SPO0537.webp,https://8ec.jp/images/products/DL5SPO0537.webp,public/images/products/DL5SPO0537.webp,,画像準備中・公式画像へ差替待ち
DL5SPO0538,DTOP115-052H1,デル・テクノロジーズ,DL5SPO0538.webp,https://8ec.jp/images/products/DL5SPO0538.webp,public/images/products/DL5SPO0538.webp,,画像準備中・公式画像へ差替待ち
DL5SPO0539,DTOP115-053N1,デル・テクノロジーズ,DL5SPO0539.webp,https://8ec.jp/images/products/DL5SPO0539.webp,public/images/products/DL5SPO0539.webp,,画像準備中・公式画像へ差替待ち
DL5SPO0540,DTOP115-053H1,デル・テクノロジーズ,DL5SPO0540.webp,https://8ec.jp/images/products/DL5SPO0540.webp,public/images/products/DL5SPO0540.webp,,画像準備中・公式画像へ差替待ち
TZ4P180528,A6VPLYH7345A,Ｄｙｎａｂｏｏｋ,TZ4P180528.webp,https://8ec.jp/images/products/TZ4P180528.webp,public/images/products/TZ4P180528.webp,,画像準備中・公式画像へ差替待ち
TZ4P180531,A6G2LAL715GA,Ｄｙｎａｂｏｏｋ,TZ4P180531.webp,https://8ec.jp/images/products/TZ4P180531.webp,public/images/products/TZ4P180531.webp,,画像準備中・公式画像へ差替待ち
IB1L003340,21RK006BJP,レノボ・ジャパン,IB1L003340.webp,https://8ec.jp/images/products/IB1L003340.webp,public/images/products/IB1L003340.webp,,画像準備中・公式画像へ差替待ち
IB1L005000,ZAFS0052JP,レノボ・ジャパン,IB1L005000.webp,https://8ec.jp/images/products/IB1L005000.webp,public/images/products/IB1L005000.webp,,画像準備中・公式画像へ差替待ち
IB1L005010,ZAFS0110JP,レノボ・ジャパン,IB1L005010.webp,https://8ec.jp/images/products/IB1L005010.webp,public/images/products/IB1L005010.webp,,画像準備中・公式画像へ差替待ち
IB1L006140,ZAEL0085JP,レノボ・ジャパン,IB1L006140.webp,https://8ec.jp/images/products/IB1L006140.webp,public/images/products/IB1L006140.webp,,画像準備中・公式画像へ差替待ち
IB1L006150,ZAF20100JP,レノボ・ジャパン,IB1L006150.webp,https://8ec.jp/images/products/IB1L006150.webp,public/images/products/IB1L006150.webp,,画像準備中・公式画像へ差替待ち
IB1L020600,ZAF20021JP,レノボ・ジャパン,IB1L020600.webp,https://8ec.jp/images/products/IB1L020600.webp,public/images/products/IB1L020600.webp,,画像準備中・公式画像へ差替待ち
IB1L004260,21R5000NJP,レノボ・ジャパン,IB1L004260.webp,https://8ec.jp/images/products/IB1L004260.webp,public/images/products/IB1L004260.webp,,画像準備中・公式画像へ差替待ち
IB1L021770,ZAHC0007JP,レノボ・ジャパン,IB1L021770.webp,https://8ec.jp/images/products/IB1L021770.webp,public/images/products/IB1L021770.webp,,画像準備中・公式画像へ差替待ち
IB1L003590,21S60046JP,レノボ・ジャパン,IB1L003590.webp,https://8ec.jp/images/products/IB1L003590.webp,public/images/products/IB1L003590.webp,,画像準備中・公式画像へ差替待ち
IB1L009730,83TBS00S00,レノボ・ジャパン,IB1L009730.webp,https://8ec.jp/images/products/IB1L009730.webp,public/images/products/IB1L009730.webp,,画像準備中・公式画像へ差替待ち
IB1L005870,13DGS3W100,レノボ・ジャパン,IB1L005870.webp,https://8ec.jp/images/products/IB1L005870.webp,public/images/products/IB1L005870.webp,,画像準備中・公式画像へ差替待ち
IB1L007790,83GW00KGJP,レノボ・ジャパン,IB1L007790.webp,https://8ec.jp/images/products/IB1L007790.webp,public/images/products/IB1L007790.webp,,画像準備中・公式画像へ差替待ち
IB1L020860,83NV0020JP,レノボ・ジャパン,IB1L020860.webp,https://8ec.jp/images/products/IB1L020860.webp,public/images/products/IB1L020860.webp,,画像準備中・公式画像へ差替待ち
IB1L005890,13DGS3W000,レノボ・ジャパン,IB1L005890.webp,https://8ec.jp/images/products/IB1L005890.webp,public/images/products/IB1L005890.webp,,画像準備中・公式画像へ差替待ち
IB1L005900,13DGS3VY00,レノボ・ジャパン,IB1L005900.webp,https://8ec.jp/images/products/IB1L005900.webp,public/images/products/IB1L005900.webp,,画像準備中・公式画像へ差替待ち
IB1L020870,83GW00MSJP,レノボ・ジャパン,IB1L020870.webp,https://8ec.jp/images/products/IB1L020870.webp,public/images/products/IB1L020870.webp,,画像準備中・公式画像へ差替待ち
IB1LR17250,ZADS0057JP,レノボ・ジャパン,IB1LR17250.webp,https://8ec.jp/images/products/IB1LR17250.webp,public/images/products/IB1LR17250.webp,,画像準備中・公式画像へ差替待ち
IB1L020880,83GW00MPJP,レノボ・ジャパン,IB1L020880.webp,https://8ec.jp/images/products/IB1L020880.webp,public/images/products/IB1L020880.webp,,画像準備中・公式画像へ差替待ち
IB1L005320,83GU00A3JP,レノボ・ジャパン,IB1L005320.webp,https://8ec.jp/images/products/IB1L005320.webp,public/images/products/IB1L005320.webp,,画像準備中・公式画像へ差替待ち
IB1LR17370,ZAE50017JP,レノボ・ジャパン,IB1LR17370.webp,https://8ec.jp/images/products/IB1LR17370.webp,public/images/products/IB1LR17370.webp,,画像準備中・公式画像へ差替待ち
IB1L020890,83GW00MUJP,レノボ・ジャパン,IB1L020890.webp,https://8ec.jp/images/products/IB1L020890.webp,public/images/products/IB1L020890.webp,,画像準備中・公式画像へ差替待ち
IB1LR17380,ZAEK0002JP,レノボ・ジャパン,IB1LR17380.webp,https://8ec.jp/images/products/IB1LR17380.webp,public/images/products/IB1LR17380.webp,,画像準備中・公式画像へ差替待ち
IB1LR17390,ZAEL0018JP,レノボ・ジャパン,IB1LR17390.webp,https://8ec.jp/images/products/IB1LR17390.webp,public/images/products/IB1LR17390.webp,,画像準備中・公式画像へ差替待ち
IB1L020910,83UU0037JP,レノボ・ジャパン,IB1L020910.webp,https://8ec.jp/images/products/IB1L020910.webp,public/images/products/IB1L020910.webp,,画像準備中・公式画像へ差替待ち
IB1LCTP254,30KL0005JP,レノボ・ジャパン,IB1LCTP254.webp,https://8ec.jp/images/products/IB1LCTP254.webp,public/images/products/IB1LCTP254.webp,,画像準備中・公式画像へ差替待ち
IB1L020820,83GU00EGJP,レノボ・ジャパン,IB1L020820.webp,https://8ec.jp/images/products/IB1L020820.webp,public/images/products/IB1L020820.webp,,画像準備中・公式画像へ差替待ち
IB1L020840,83UT002HJP,レノボ・ジャパン,IB1L020840.webp,https://8ec.jp/images/products/IB1L020840.webp,public/images/products/IB1L020840.webp,,画像準備中・公式画像へ差替待ち
IB1L020930,13DGS4N600,レノボ・ジャパン,IB1L020930.webp,https://8ec.jp/images/products/IB1L020930.webp,public/images/products/IB1L020930.webp,,画像準備中・公式画像へ差替待ち
IB1L020940,13DGS4N800,レノボ・ジャパン,IB1L020940.webp,https://8ec.jp/images/products/IB1L020940.webp,public/images/products/IB1L020940.webp,,画像準備中・公式画像へ差替待ち
IB1L020950,13DGS4N700,レノボ・ジャパン,IB1L020950.webp,https://8ec.jp/images/products/IB1L020950.webp,public/images/products/IB1L020950.webp,,画像準備中・公式画像へ差替待ち
IB1L020960,13DGS4N900,レノボ・ジャパン,IB1L020960.webp,https://8ec.jp/images/products/IB1L020960.webp,public/images/products/IB1L020960.webp,,画像準備中・公式画像へ差替待ち
IB1LR17360,83HKS00M00,レノボ・ジャパン,IB1LR17360.webp,https://8ec.jp/images/products/IB1LR17360.webp,public/images/products/IB1LR17360.webp,,画像準備中・公式画像へ差替待ち
IB1PH08810,12TE0006JP,レノボ・ジャパン,IB1PH08810.webp,https://8ec.jp/images/products/IB1PH08810.webp,public/images/products/IB1PH08810.webp,,画像準備中・公式画像へ差替待ち
VL61000840,VJBK124000007,ＶＡＩＯ,VL61000840.webp,https://8ec.jp/images/products/VL61000840.webp,public/images/products/VL61000840.webp,,画像準備中・公式画像へ差替待ち
CQ692G2763,B04F4AV-AAFV,日本ＨＰ,CQ692G2763.webp,https://8ec.jp/images/products/CQ692G2763.webp,public/images/products/CQ692G2763.webp,,画像準備中・公式画像へ差替待ち
CQ692G4037,BT6H7PT-AAAA,日本ＨＰ,CQ692G4037.webp,https://8ec.jp/images/products/CQ692G4037.webp,public/images/products/CQ692G4037.webp,,画像準備中・公式画像へ差替待ち
CQ69D19116,8X4W2AV-BOOM,日本ＨＰ,CQ69D19116.webp,https://8ec.jp/images/products/CQ69D19116.webp,public/images/products/CQ69D19116.webp,,画像準備中・公式画像へ差替待ち
CQ692G4043,D80ZPPT-AAAA,日本ＨＰ,CQ692G4043.webp,https://8ec.jp/images/products/CQ692G4043.webp,public/images/products/CQ692G4043.webp,,画像準備中・公式画像へ差替待ち
CQ69D19167,8X4W2AV-BRNT,日本ＨＰ,CQ69D19167.webp,https://8ec.jp/images/products/CQ69D19167.webp,public/images/products/CQ69D19167.webp,,画像準備中・公式画像へ差替待ち
CQ692G4044,D80ZPPT-AAAA,日本ＨＰ,CQ692G4044.webp,https://8ec.jp/images/products/CQ692G4044.webp,public/images/products/CQ692G4044.webp,,画像準備中・公式画像へ差替待ち
CQ69D81539,D55FHPT-AAAT,日本ＨＰ,CQ69D81539.webp,https://8ec.jp/images/products/CQ69D81539.webp,public/images/products/CQ69D81539.webp,,画像準備中・公式画像へ差替待ち
CQ69D30353,C39BMAT-AADC,日本ＨＰ,CQ69D30353.webp,https://8ec.jp/images/products/CQ69D30353.webp,public/images/products/CQ69D30353.webp,,画像準備中・公式画像へ差替待ち
CQ69D45469,C16G6AT-AASJ,日本ＨＰ,CQ69D45469.webp,https://8ec.jp/images/products/CQ69D45469.webp,public/images/products/CQ69D45469.webp,,画像準備中・公式画像へ差替待ち
CQ69D47398,C39BPAT-AAIJ,日本ＨＰ,CQ69D47398.webp,https://8ec.jp/images/products/CQ69D47398.webp,public/images/products/CQ69D47398.webp,,画像準備中・公式画像へ差替待ち
CQ69D61393,C64TCPT-AAJG,日本ＨＰ,CQ69D61393.webp,https://8ec.jp/images/products/CQ69D61393.webp,public/images/products/CQ69D61393.webp,,画像準備中・公式画像へ差替待ち
CQ69D82813,B9NN4AT-ABCS,日本ＨＰ,CQ69D82813.webp,https://8ec.jp/images/products/CQ69D82813.webp,public/images/products/CQ69D82813.webp,,画像準備中・公式画像へ差替待ち
CQ69D82862,D9NK2AT-AAAX,日本ＨＰ,CQ69D82862.webp,https://8ec.jp/images/products/CQ69D82862.webp,public/images/products/CQ69D82862.webp,,画像準備中・公式画像へ差替待ち
CQ69D83126,D9NK1AT-AABA,日本ＨＰ,CQ69D83126.webp,https://8ec.jp/images/products/CQ69D83126.webp,public/images/products/CQ69D83126.webp,,画像準備中・公式画像へ差替待ち
FJ1C309460,FMVU0A065P,富士通,FJ1C309460.webp,https://8ec.jp/images/products/FJ1C309460.webp,public/images/products/FJ1C309460.webp,,画像準備中・公式画像へ差替待ち
FJ1C308860,FMVD6100AP,富士通,FJ1C308860.webp,https://8ec.jp/images/products/FJ1C308860.webp,public/images/products/FJ1C308860.webp,,画像準備中・公式画像へ差替待ち
FJ1C309690,FMVU0B058P,富士通,FJ1C309690.webp,https://8ec.jp/images/products/FJ1C309690.webp,public/images/products/FJ1C309690.webp,,画像準備中・公式画像へ差替待ち
FJ1C308880,FMVD6100EP,富士通,FJ1C308880.webp,https://8ec.jp/images/products/FJ1C308880.webp,public/images/products/FJ1C308880.webp,,画像準備中・公式画像へ差替待ち
FJ1C309880,FMVU0K041P,富士通,FJ1C309880.webp,https://8ec.jp/images/products/FJ1C309880.webp,public/images/products/FJ1C309880.webp,,画像準備中・公式画像へ差替待ち
FJ1C308910,FMVD6100DP,富士通,FJ1C308910.webp,https://8ec.jp/images/products/FJ1C308910.webp,public/images/products/FJ1C308910.webp,,画像準備中・公式画像へ差替待ち
FJ1C308930,FMVD6100HP,富士通,FJ1C308930.webp,https://8ec.jp/images/products/FJ1C308930.webp,public/images/products/FJ1C308930.webp,,画像準備中・公式画像へ差替待ち
FJ1C308240,FMVA0F054P,富士通,FJ1C308240.webp,https://8ec.jp/images/products/FJ1C308240.webp,public/images/products/FJ1C308240.webp,,画像準備中・公式画像へ差替待ち
FJ1C308950,FMVD6100KP,富士通,FJ1C308950.webp,https://8ec.jp/images/products/FJ1C308950.webp,public/images/products/FJ1C308950.webp,,画像準備中・公式画像へ差替待ち
FJ1C311450,FMVU0A093P,富士通,FJ1C311450.webp,https://8ec.jp/images/products/FJ1C311450.webp,public/images/products/FJ1C311450.webp,,画像準備中・公式画像へ差替待ち
FJ1C308970,FMVB27006P,富士通,FJ1C308970.webp,https://8ec.jp/images/products/FJ1C308970.webp,public/images/products/FJ1C308970.webp,,画像準備中・公式画像へ差替待ち
FJ1C311470,FMVU0A091P,富士通,FJ1C311470.webp,https://8ec.jp/images/products/FJ1C311470.webp,public/images/products/FJ1C311470.webp,,画像準備中・公式画像へ差替待ち
FJ1C311510,FMVU0A0A7P,富士通,FJ1C311510.webp,https://8ec.jp/images/products/FJ1C311510.webp,public/images/products/FJ1C311510.webp,,画像準備中・公式画像へ差替待ち
FJ1C308650,FMVA0G01EP,富士通,FJ1C308650.webp,https://8ec.jp/images/products/FJ1C308650.webp,public/images/products/FJ1C308650.webp,,画像準備中・公式画像へ差替待ち
FJ1C311530,FMVU0A0A5P,富士通,FJ1C311530.webp,https://8ec.jp/images/products/FJ1C311530.webp,public/images/products/FJ1C311530.webp,,画像準備中・公式画像へ差替待ち
FJ1C309050,FMVD6102HP,富士通,FJ1C309050.webp,https://8ec.jp/images/products/FJ1C309050.webp,public/images/products/FJ1C309050.webp,,画像準備中・公式画像へ差替待ち
FJ1C308660,FMVA0G015P,富士通,FJ1C308660.webp,https://8ec.jp/images/products/FJ1C308660.webp,public/images/products/FJ1C308660.webp,,画像準備中・公式画像へ差替待ち
FJ1C309060,FMVD6102LP,富士通,FJ1C309060.webp,https://8ec.jp/images/products/FJ1C309060.webp,public/images/products/FJ1C309060.webp,,画像準備中・公式画像へ差替待ち
FJ1C311550,FMVU0A0A3P,富士通,FJ1C311550.webp,https://8ec.jp/images/products/FJ1C311550.webp,public/images/products/FJ1C311550.webp,,画像準備中・公式画像へ差替待ち
FJ1C309070,FMVD6102MP,富士通,FJ1C309070.webp,https://8ec.jp/images/products/FJ1C309070.webp,public/images/products/FJ1C309070.webp,,画像準備中・公式画像へ差替待ち
FJ1C308700,FMVA0G013P,富士通,FJ1C308700.webp,https://8ec.jp/images/products/FJ1C308700.webp,public/images/products/FJ1C308700.webp,,画像準備中・公式画像へ差替待ち
FJ1C309090,FMVD6102PP,富士通,FJ1C309090.webp,https://8ec.jp/images/products/FJ1C309090.webp,public/images/products/FJ1C309090.webp,,画像準備中・公式画像へ差替待ち
FJ1C309130,FMVD62011P,富士通,FJ1C309130.webp,https://8ec.jp/images/products/FJ1C309130.webp,public/images/products/FJ1C309130.webp,,画像準備中・公式画像へ差替待ち
FJ1C309160,FMVD62014P,富士通,FJ1C309160.webp,https://8ec.jp/images/products/FJ1C309160.webp,public/images/products/FJ1C309160.webp,,画像準備中・公式画像へ差替待ち
FJ1C311630,FMVU0B08BP,富士通,FJ1C311630.webp,https://8ec.jp/images/products/FJ1C311630.webp,public/images/products/FJ1C311630.webp,,画像準備中・公式画像へ差替待ち
FJ1C309170,FMVD62015P,富士通,FJ1C309170.webp,https://8ec.jp/images/products/FJ1C309170.webp,public/images/products/FJ1C309170.webp,,画像準備中・公式画像へ差替待ち
FJ1C309190,FMVD62017P,富士通,FJ1C309190.webp,https://8ec.jp/images/products/FJ1C309190.webp,public/images/products/FJ1C309190.webp,,画像準備中・公式画像へ差替待ち
FJ1C309300,FMVA0H02DP,富士通,FJ1C309300.webp,https://8ec.jp/images/products/FJ1C309300.webp,public/images/products/FJ1C309300.webp,,画像準備中・公式画像へ差替待ち
FJ1C309220,FMVB25006P,富士通,FJ1C309220.webp,https://8ec.jp/images/products/FJ1C309220.webp,public/images/products/FJ1C309220.webp,,画像準備中・公式画像へ差替待ち
FJ1C309250,FMVB25009P,富士通,FJ1C309250.webp,https://8ec.jp/images/products/FJ1C309250.webp,public/images/products/FJ1C309250.webp,,画像準備中・公式画像へ差替待ち
FJ1C311730,FMVU0K061P,富士通,FJ1C311730.webp,https://8ec.jp/images/products/FJ1C311730.webp,public/images/products/FJ1C311730.webp,,画像準備中・公式画像へ差替待ち
FJ1C309370,FMVA0H024P,富士通,FJ1C309370.webp,https://8ec.jp/images/products/FJ1C309370.webp,public/images/products/FJ1C309370.webp,,画像準備中・公式画像へ差替待ち
FJ1C311740,FMVU0K062P,富士通,FJ1C311740.webp,https://8ec.jp/images/products/FJ1C311740.webp,public/images/products/FJ1C311740.webp,,画像準備中・公式画像へ差替待ち
FJ1C309390,FMVA0H02AP,富士通,FJ1C309390.webp,https://8ec.jp/images/products/FJ1C309390.webp,public/images/products/FJ1C309390.webp,,画像準備中・公式画像へ差替待ち
FJ1C309410,FMVA0H022P,富士通,FJ1C309410.webp,https://8ec.jp/images/products/FJ1C309410.webp,public/images/products/FJ1C309410.webp,,画像準備中・公式画像へ差替待ち
FJ1C311790,FMVU0F073P,富士通,FJ1C311790.webp,https://8ec.jp/images/products/FJ1C311790.webp,public/images/products/FJ1C311790.webp,,画像準備中・公式画像へ差替待ち
FJ1C311190,FMVB2500VP,富士通,FJ1C311190.webp,https://8ec.jp/images/products/FJ1C311190.webp,public/images/products/FJ1C311190.webp,,画像準備中・公式画像へ差替待ち
FJ1C311290,FMVA0H055P,富士通,FJ1C311290.webp,https://8ec.jp/images/products/FJ1C311290.webp,public/images/products/FJ1C311290.webp,,画像準備中・公式画像へ差替待ち
FJ1C311830,FMVD6203GP,富士通,FJ1C311830.webp,https://8ec.jp/images/products/FJ1C311830.webp,public/images/products/FJ1C311830.webp,,画像準備中・公式画像へ差替待ち
FJ1C311300,FMVA0H056P,富士通,FJ1C311300.webp,https://8ec.jp/images/products/FJ1C311300.webp,public/images/products/FJ1C311300.webp,,画像準備中・公式画像へ差替待ち
MS22001986,ZGV-00020,日本マイクロソフト,MS22001986.webp,https://8ec.jp/images/products/MS22001986.webp,public/images/products/MS22001986.webp,,画像準備中・公式画像へ差替待ち
MS22001987,ZGZ-00020,日本マイクロソフト,MS22001987.webp,https://8ec.jp/images/products/MS22001987.webp,public/images/products/MS22001987.webp,,画像準備中・公式画像へ差替待ち
MS22002060,EP2-36334,日本マイクロソフト,MS22002060.webp,https://8ec.jp/images/products/MS22002060.webp,public/images/products/MS22002060.webp,,画像準備中・公式画像へ差替待ち
MS22001982,ZIK-00011,日本マイクロソフト,MS22001982.webp,https://8ec.jp/images/products/MS22001982.webp,public/images/products/MS22001982.webp,,画像準備中・公式画像へ差替待ち
MS22002080,EP2-47634,日本マイクロソフト,MS22002080.webp,https://8ec.jp/images/products/MS22002080.webp,public/images/products/MS22002080.webp,,画像準備中・公式画像へ差替待ち
MS22002066,EP2-54676,日本マイクロソフト,MS22002066.webp,https://8ec.jp/images/products/MS22002066.webp,public/images/products/MS22002066.webp,,画像準備中・公式画像へ差替待ち
MS22002068,EP2-55230,日本マイクロソフト,MS22002068.webp,https://8ec.jp/images/products/MS22002068.webp,public/images/products/MS22002068.webp,,画像準備中・公式画像へ差替待ち
MS22002075,EP2-54469,日本マイクロソフト,MS22002075.webp,https://8ec.jp/images/products/MS22002075.webp,public/images/products/MS22002075.webp,,画像準備中・公式画像へ差替待ち
MS22002200,EP2-61484,日本マイクロソフト,MS22002200.webp,https://8ec.jp/images/products/MS22002200.webp,public/images/products/MS22002200.webp,,画像準備中・公式画像へ差替待ち
MS2Z001040,ZIK-00011,日本マイクロソフト,MS2Z001040.webp,https://8ec.jp/images/products/MS2Z001040.webp,public/images/products/MS2Z001040.webp,,画像準備中・公式画像へ差替待ち
MS2Z001046,EP2-20136,日本マイクロソフト,MS2Z001046.webp,https://8ec.jp/images/products/MS2Z001046.webp,public/images/products/MS2Z001046.webp,,画像準備中・公式画像へ差替待ち
MS2Z001055,EP2-27285,日本マイクロソフト,MS2Z001055.webp,https://8ec.jp/images/products/MS2Z001055.webp,public/images/products/MS2Z001055.webp,,画像準備中・公式画像へ差替待ち
II71003320,XUB3493WQSU-B6,ｉｉｙａｍａ,II71003320.webp,https://8ec.jp/images/products/II71003320.webp,public/images/products/II71003320.webp,,画像準備中・公式画像へ差替待ち
II71003390,XB2492HSU-B1J,ｉｉｙａｍａ,II71003390.webp,https://8ec.jp/images/products/II71003390.webp,public/images/products/II71003390.webp,,画像準備中・公式画像へ差替待ち
LG31006380,24MS500-B,ＬＧ　Ｅｌｅｃｔｒｏｎｉｃｓ　Ｊａｐａｎ,LG31006380.webp,https://8ec.jp/images/products/LG31006380.webp,public/images/products/LG31006380.webp,,画像準備中・公式画像へ差替待ち
LG31006620,24MS530B-B,ＬＧ　Ｅｌｅｃｔｒｏｎｉｃｓ　Ｊａｐａｎ,LG31006620.webp,https://8ec.jp/images/products/LG31006620.webp,public/images/products/LG31006620.webp,,画像準備中・公式画像へ差替待ち
LG31006720,24MS500-B-SB,ＬＧ　Ｅｌｅｃｔｒｏｎｉｃｓ　Ｊａｐａｎ,LG31006720.webp,https://8ec.jp/images/products/LG31006720.webp,public/images/products/LG31006720.webp,,画像準備中・公式画像へ差替待ち
LG31006930,22U401A-B,ＬＧ　Ｅｌｅｃｔｒｏｎｉｃｓ　Ｊａｐａｎ,LG31006930.webp,https://8ec.jp/images/products/LG31006930.webp,public/images/products/LG31006930.webp,,画像準備中・公式画像へ差替待ち
IO11035890,LCD-CF161XDB-M,アイオーデータ,IO11035890.webp,https://8ec.jp/images/products/IO11035890.webp,public/images/products/IO11035890.webp,,画像準備中・公式画像へ差替待ち
IO11037930,LCD-DF241EDB-F,アイオーデータ,IO11037930.webp,https://8ec.jp/images/products/IO11037930.webp,public/images/products/IO11037930.webp,,画像準備中・公式画像へ差替待ち
IO11043150,LCD-A221DB,アイオーデータ,IO11043150.webp,https://8ec.jp/images/products/IO11043150.webp,public/images/products/IO11043150.webp,,画像準備中・公式画像へ差替待ち
IO11043160,LCD-A221DW,アイオーデータ,IO11043160.webp,https://8ec.jp/images/products/IO11043160.webp,public/images/products/IO11043160.webp,,画像準備中・公式画像へ差替待ち
IO11043180,LCD-A241DB,アイオーデータ,IO11043180.webp,https://8ec.jp/images/products/IO11043180.webp,public/images/products/IO11043180.webp,,画像準備中・公式画像へ差替待ち
IO11043200,LCD-A241DW,アイオーデータ,IO11043200.webp,https://8ec.jp/images/products/IO11043200.webp,public/images/products/IO11043200.webp,,画像準備中・公式画像へ差替待ち
IO11043210,LCD-A271DB,アイオーデータ,IO11043210.webp,https://8ec.jp/images/products/IO11043210.webp,public/images/products/IO11043210.webp,,画像準備中・公式画像へ差替待ち
IO11050070,LCD-C242SDB,アイオーデータ,IO11050070.webp,https://8ec.jp/images/products/IO11050070.webp,public/images/products/IO11050070.webp,,画像準備中・公式画像へ差替待ち
GR13002200,GH-LCW24S-BK,グリーンハウス,GR13002200.webp,https://8ec.jp/images/products/GR13002200.webp,public/images/products/GR13002200.webp,,画像準備中・公式画像へ差替待ち
RY14001520,243B9/11,フィリップス,RY14001520.webp,https://8ec.jp/images/products/RY14001520.webp,public/images/products/RY14001520.webp,,画像準備中・公式画像へ差替待ち
RY14001840,242S1AE/11,フィリップス,RY14001840.webp,https://8ec.jp/images/products/RY14001840.webp,public/images/products/RY14001840.webp,,画像準備中・公式画像へ差替待ち
RY14002170,221S9A/11,フィリップス,RY14002170.webp,https://8ec.jp/images/products/RY14002170.webp,public/images/products/RY14002170.webp,,画像準備中・公式画像へ差替待ち
RY14002180,241S9A/11,フィリップス,RY14002180.webp,https://8ec.jp/images/products/RY14002180.webp,public/images/products/RY14002180.webp,,画像準備中・公式画像へ差替待ち
RY14002480,22E1N1200A/11,フィリップス,RY14002480.webp,https://8ec.jp/images/products/RY14002480.webp,public/images/products/RY14002480.webp,,画像準備中・公式画像へ差替待ち
RY14002490,22E1N1200AW/11,フィリップス,RY14002490.webp,https://8ec.jp/images/products/RY14002490.webp,public/images/products/RY14002490.webp,,画像準備中・公式画像へ差替待ち
RZ51003520,GW2491,ベンキュージャパン,RZ51003520.webp,https://8ec.jp/images/products/RZ51003520.webp,public/images/products/RZ51003520.webp,,画像準備中・公式画像へ差替待ち
RZ51003930,GW2291,ベンキュージャパン,RZ51003930.webp,https://8ec.jp/images/products/RZ51003930.webp,public/images/products/RZ51003930.webp,,画像準備中・公式画像へ差替待ち
II71003070,T1731SR-W1S,ｉｉｙａｍａ,II71003070.webp,https://8ec.jp/images/products/II71003070.webp,public/images/products/II71003070.webp,,画像準備中・公式画像へ差替待ち
II71003200,T1931SR-B1S,ｉｉｙａｍａ,II71003200.webp,https://8ec.jp/images/products/II71003200.webp,public/images/products/II71003200.webp,,画像準備中・公式画像へ差替待ち
II71003150,XUB2792UHSU-B6,ｉｉｙａｍａ,II71003150.webp,https://8ec.jp/images/products/II71003150.webp,public/images/products/II71003150.webp,,画像準備中・公式画像へ差替待ち
II71003160,XB3270QSU-B1,ｉｉｙａｍａ,II71003160.webp,https://8ec.jp/images/products/II71003160.webp,public/images/products/II71003160.webp,,画像準備中・公式画像へ差替待ち
II71003220,GB2470HSU-W6,ｉｉｙａｍａ,II71003220.webp,https://8ec.jp/images/products/II71003220.webp,public/images/products/II71003220.webp,,画像準備中・公式画像へ差替待ち
II71003230,GB2470HSU-B6,ｉｉｙａｍａ,II71003230.webp,https://8ec.jp/images/products/II71003230.webp,public/images/products/II71003230.webp,,画像準備中・公式画像へ差替待ち
II71003270,XUB2490HSUH-B1,ｉｉｙａｍａ,II71003270.webp,https://8ec.jp/images/products/II71003270.webp,public/images/products/II71003270.webp,,画像準備中・公式画像へ差替待ち
II71003280,G2445HSU-B2,ｉｉｙａｍａ,II71003280.webp,https://8ec.jp/images/products/II71003280.webp,public/images/products/II71003280.webp,,画像準備中・公式画像へ差替待ち
II71003290,GB2590HSU-B5A,ｉｉｙａｍａ,II71003290.webp,https://8ec.jp/images/products/II71003290.webp,public/images/products/II71003290.webp,,画像準備中・公式画像へ差替待ち
II71003310,XUB2492QSU-B1A,ｉｉｙａｍａ,II71003310.webp,https://8ec.jp/images/products/II71003310.webp,public/images/products/II71003310.webp,,画像準備中・公式画像へ差替待ち
II71003350,GB2771HSU-B1,ｉｉｙａｍａ,II71003350.webp,https://8ec.jp/images/products/II71003350.webp,public/images/products/II71003350.webp,,画像準備中・公式画像へ差替待ち
II71003400,X2492HSU-B1J,ｉｉｙａｍａ,II71003400.webp,https://8ec.jp/images/products/II71003400.webp,public/images/products/II71003400.webp,,画像準備中・公式画像へ差替待ち
II71003410,XUB2293HSU-B7,ｉｉｙａｍａ,II71003410.webp,https://8ec.jp/images/products/II71003410.webp,public/images/products/II71003410.webp,,画像準備中・公式画像へ差替待ち
II71003510,XUB3297QSNP-B1J,ｉｉｙａｍａ,II71003510.webp,https://8ec.jp/images/products/II71003510.webp,public/images/products/II71003510.webp,,画像準備中・公式画像へ差替待ち
II71003520,XB2792HSU-B1J,ｉｉｙａｍａ,II71003520.webp,https://8ec.jp/images/products/II71003520.webp,public/images/products/II71003520.webp,,画像準備中・公式画像へ差替待ち
LG31006280,32MR50C-B,ＬＧ　Ｅｌｅｃｔｒｏｎｉｃｓ　Ｊａｐａｎ,LG31006280.webp,https://8ec.jp/images/products/LG31006280.webp,public/images/products/LG31006280.webp,,画像準備中・公式画像へ差替待ち
LG31006300,27UQ850V-W,ＬＧ　Ｅｌｅｃｔｒｏｎｉｃｓ　Ｊａｐａｎ,LG31006300.webp,https://8ec.jp/images/products/LG31006300.webp,public/images/products/LG31006300.webp,,画像準備中・公式画像へ差替待ち
LG31006460,24BA450-B,ＬＧ　Ｅｌｅｃｔｒｏｎｉｃｓ　Ｊａｐａｎ,LG31006460.webp,https://8ec.jp/images/products/LG31006460.webp,public/images/products/LG31006460.webp,,画像準備中・公式画像へ差替待ち
LG31006540,32UR550K-B,ＬＧ　Ｅｌｅｃｔｒｏｎｉｃｓ　Ｊａｐａｎ,LG31006540.webp,https://8ec.jp/images/products/LG31006540.webp,public/images/products/LG31006540.webp,,画像準備中・公式画像へ差替待ち
LG31006560,34WR55QK-B,ＬＧ　Ｅｌｅｃｔｒｏｎｉｃｓ　Ｊａｐａｎ,LG31006560.webp,https://8ec.jp/images/products/LG31006560.webp,public/images/products/LG31006560.webp,,画像準備中・公式画像へ差替待ち
LG31006630,24MS570B-B,ＬＧ　Ｅｌｅｃｔｒｏｎｉｃｓ　Ｊａｐａｎ,LG31006630.webp,https://8ec.jp/images/products/LG31006630.webp,public/images/products/LG31006630.webp,,画像準備中・公式画像へ差替待ち
LG31006640,27MS530B-B,ＬＧ　Ｅｌｅｃｔｒｏｎｉｃｓ　Ｊａｐａｎ,LG31006640.webp,https://8ec.jp/images/products/LG31006640.webp,public/images/products/LG31006640.webp,,画像準備中・公式画像へ差替待ち
LG31006660,27US550-W,ＬＧ　Ｅｌｅｃｔｒｏｎｉｃｓ　Ｊａｐａｎ,LG31006660.webp,https://8ec.jp/images/products/LG31006660.webp,public/images/products/LG31006660.webp,,画像準備中・公式画像へ差替待ち
LG31006690,24MS530B-B-SB,ＬＧ　Ｅｌｅｃｔｒｏｎｉｃｓ　Ｊａｐａｎ,LG31006690.webp,https://8ec.jp/images/products/LG31006690.webp,public/images/products/LG31006690.webp,,画像準備中・公式画像へ差替待ち
LG31006700,24MS570B-B-SB,ＬＧ　Ｅｌｅｃｔｒｏｎｉｃｓ　Ｊａｐａｎ,LG31006700.webp,https://8ec.jp/images/products/LG31006700.webp,public/images/products/LG31006700.webp,,画像準備中・公式画像へ差替待ち
LG31006710,24BA450-B-SB,ＬＧ　Ｅｌｅｃｔｒｏｎｉｃｓ　Ｊａｐａｎ,LG31006710.webp,https://8ec.jp/images/products/LG31006710.webp,public/images/products/LG31006710.webp,,画像準備中・公式画像へ差替待ち
LG31006730,27MS500-B-SB,ＬＧ　Ｅｌｅｃｔｒｏｎｉｃｓ　Ｊａｐａｎ,LG31006730.webp,https://8ec.jp/images/products/LG31006730.webp,public/images/products/LG31006730.webp,,画像準備中・公式画像へ差替待ち
LG31006810,24BA850-B,ＬＧ　Ｅｌｅｃｔｒｏｎｉｃｓ　Ｊａｐａｎ,LG31006810.webp,https://8ec.jp/images/products/LG31006810.webp,public/images/products/LG31006810.webp,,画像準備中・公式画像へ差替待ち
LG31006820,24U631A-B,ＬＧ　Ｅｌｅｃｔｒｏｎｉｃｓ　Ｊａｐａｎ,LG31006820.webp,https://8ec.jp/images/products/LG31006820.webp,public/images/products/LG31006820.webp,,画像準備中・公式画像へ差替待ち
LG31006830,27U631A-B,ＬＧ　Ｅｌｅｃｔｒｏｎｉｃｓ　Ｊａｐａｎ,LG31006830.webp,https://8ec.jp/images/products/LG31006830.webp,public/images/products/LG31006830.webp,,画像準備中・公式画像へ差替待ち
LG31006840,32U631A-B,ＬＧ　Ｅｌｅｃｔｒｏｎｉｃｓ　Ｊａｐａｎ,LG31006840.webp,https://8ec.jp/images/products/LG31006840.webp,public/images/products/LG31006840.webp,,画像準備中・公式画像へ差替待ち
LG31006850,17MT70,ＬＧ　Ｅｌｅｃｔｒｏｎｉｃｓ　Ｊａｐａｎ,LG31006850.webp,https://8ec.jp/images/products/LG31006850.webp,public/images/products/LG31006850.webp,,画像準備中・公式画像へ差替待ち
LG31006860,27U730A-B,ＬＧ　Ｅｌｅｃｔｒｏｎｉｃｓ　Ｊａｐａｎ,LG31006860.webp,https://8ec.jp/images/products/LG31006860.webp,public/images/products/LG31006860.webp,,画像準備中・公式画像へ差替待ち
LG31006870,32U720A-B,ＬＧ　Ｅｌｅｃｔｒｏｎｉｃｓ　Ｊａｐａｎ,LG31006870.webp,https://8ec.jp/images/products/LG31006870.webp,public/images/products/LG31006870.webp,,画像準備中・公式画像へ差替待ち
LG31006880,27UP850K-W,ＬＧ　Ｅｌｅｃｔｒｏｎｉｃｓ　Ｊａｐａｎ,LG31006880.webp,https://8ec.jp/images/products/LG31006880.webp,public/images/products/LG31006880.webp,,画像準備中・公式画像へ差替待ち
LG31006890,34U530A-W,ＬＧ　Ｅｌｅｃｔｒｏｎｉｃｓ　Ｊａｐａｎ,LG31006890.webp,https://8ec.jp/images/products/LG31006890.webp,public/images/products/LG31006890.webp,,画像準備中・公式画像へ差替待ち
LG31006920,29U531A-W,ＬＧ　Ｅｌｅｃｔｒｏｎｉｃｓ　Ｊａｐａｎ,LG31006920.webp,https://8ec.jp/images/products/LG31006920.webp,public/images/products/LG31006920.webp,,画像準備中・公式画像へ差替待ち
LG31006940,22U401A-B-SB,ＬＧ　Ｅｌｅｃｔｒｏｎｉｃｓ　Ｊａｐａｎ,LG31006940.webp,https://8ec.jp/images/products/LG31006940.webp,public/images/products/LG31006940.webp,,画像準備中・公式画像へ差替待ち
LG31007010,34U640B-B,ＬＧ　Ｅｌｅｃｔｒｏｎｉｃｓ　Ｊａｐａｎ,LG31007010.webp,https://8ec.jp/images/products/LG31007010.webp,public/images/products/LG31007010.webp,,画像準備中・公式画像へ差替待ち
LG31007040,24BF410B-B,ＬＧ　Ｅｌｅｃｔｒｏｎｉｃｓ　Ｊａｐａｎ,LG31007040.webp,https://8ec.jp/images/products/LG31007040.webp,public/images/products/LG31007040.webp,,画像準備中・公式画像へ差替待ち
LG31007050,27BF410B-B,ＬＧ　Ｅｌｅｃｔｒｏｎｉｃｓ　Ｊａｐａｎ,LG31007050.webp,https://8ec.jp/images/products/LG31007050.webp,public/images/products/LG31007050.webp,,画像準備中・公式画像へ差替待ち
IO11046270,LCD-U501V,アイオーデータ,IO11046270.webp,https://8ec.jp/images/products/IO11046270.webp,public/images/products/IO11046270.webp,,画像準備中・公式画像へ差替待ち
IO11022340,LCD-AD173SFB-T,アイオーデータ,IO11022340.webp,https://8ec.jp/images/products/IO11022340.webp,public/images/products/IO11022340.webp,,画像準備中・公式画像へ差替待ち
IO11041950,LCD-SAX151DB-T,アイオーデータ,IO11041950.webp,https://8ec.jp/images/products/IO11041950.webp,public/images/products/IO11041950.webp,,画像準備中・公式画像へ差替待ち
IO11036920,LCD-DF221EDW-A,アイオーデータ,IO11036920.webp,https://8ec.jp/images/products/IO11036920.webp,public/images/products/IO11036920.webp,,画像準備中・公式画像へ差替待ち
IO11036930,LCD-DF221EDB-A,アイオーデータ,IO11036930.webp,https://8ec.jp/images/products/IO11036930.webp,public/images/products/IO11036930.webp,,画像準備中・公式画像へ差替待ち
IO11036940,LCD-DF241EDW-A,アイオーデータ,IO11036940.webp,https://8ec.jp/images/products/IO11036940.webp,public/images/products/IO11036940.webp,,画像準備中・公式画像へ差替待ち
IO11036950,LCD-DF241EDB-A,アイオーデータ,IO11036950.webp,https://8ec.jp/images/products/IO11036950.webp,public/images/products/IO11036950.webp,,画像準備中・公式画像へ差替待ち
IO11036960,LCD-DF321XDB-A,アイオーデータ,IO11036960.webp,https://8ec.jp/images/products/IO11036960.webp,public/images/products/IO11036960.webp,,画像準備中・公式画像へ差替待ち
IO11051480,LCD-MF225FDB-T,アイオーデータ,IO11051480.webp,https://8ec.jp/images/products/IO11051480.webp,public/images/products/IO11051480.webp,,画像準備中・公式画像へ差替待ち
IO11036990,LCD-MF241FVB-T-A,アイオーデータ,IO11036990.webp,https://8ec.jp/images/products/IO11036990.webp,public/images/products/IO11036990.webp,,画像準備中・公式画像へ差替待ち
IO11037030,LCD-MQ241XDB-A,アイオーデータ,IO11037030.webp,https://8ec.jp/images/products/IO11037030.webp,public/images/products/IO11037030.webp,,画像準備中・公式画像へ差替待ち
IO11037050,LCD-MQ322XDB-A,アイオーデータ,IO11037050.webp,https://8ec.jp/images/products/IO11037050.webp,public/images/products/IO11037050.webp,,画像準備中・公式画像へ差替待ち
IO11037270,LCD-CF161XDB-MT,アイオーデータ,IO11037270.webp,https://8ec.jp/images/products/IO11037270.webp,public/images/products/IO11037270.webp,,画像準備中・公式画像へ差替待ち
IO11037940,LCD-DF241EDW-F,アイオーデータ,IO11037940.webp,https://8ec.jp/images/products/IO11037940.webp,public/images/products/IO11037940.webp,,画像準備中・公式画像へ差替待ち
IO11037970,LCD-DF221EDB-F,アイオーデータ,IO11037970.webp,https://8ec.jp/images/products/IO11037970.webp,public/images/products/IO11037970.webp,,画像準備中・公式画像へ差替待ち
IO11037980,LCD-DF221EDW-F,アイオーデータ,IO11037980.webp,https://8ec.jp/images/products/IO11037980.webp,public/images/products/IO11037980.webp,,画像準備中・公式画像へ差替待ち
IO11038130,LCD-DX251EPB,アイオーデータ,IO11038130.webp,https://8ec.jp/images/products/IO11038130.webp,public/images/products/IO11038130.webp,,画像準備中・公式画像へ差替待ち
IO11038260,LCD-AD173SESW-A,アイオーデータ,IO11038260.webp,https://8ec.jp/images/products/IO11038260.webp,public/images/products/IO11038260.webp,,画像準備中・公式画像へ差替待ち
IO11038650,LCD-AH191EDB,アイオーデータ,IO11038650.webp,https://8ec.jp/images/products/IO11038650.webp,public/images/products/IO11038650.webp,,画像準備中・公式画像へ差替待ち
IO11038660,LCD-AH191EDW,アイオーデータ,IO11038660.webp,https://8ec.jp/images/products/IO11038660.webp,public/images/products/IO11038660.webp,,画像準備中・公式画像へ差替待ち
IO11038670,LCD-DF271EDB-F,アイオーデータ,IO11038670.webp,https://8ec.jp/images/products/IO11038670.webp,public/images/products/IO11038670.webp,,画像準備中・公式画像へ差替待ち
IO11038680,LCD-DF271EDW-F,アイオーデータ,IO11038680.webp,https://8ec.jp/images/products/IO11038680.webp,public/images/products/IO11038680.webp,,画像準備中・公式画像へ差替待ち
IO11041960,LCD-SAX151DW,アイオーデータ,IO11041960.webp,https://8ec.jp/images/products/IO11041960.webp,public/images/products/IO11041960.webp,,画像準備中・公式画像へ差替待ち
IO11042770,LCD-MD241D,アイオーデータ,IO11042770.webp,https://8ec.jp/images/products/IO11042770.webp,public/images/products/IO11042770.webp,,画像準備中・公式画像へ差替待ち
IO11043170,LCD-A221DBX,アイオーデータ,IO11043170.webp,https://8ec.jp/images/products/IO11043170.webp,public/images/products/IO11043170.webp,,画像準備中・公式画像へ差替待ち
IO11043220,LCD-A271DW,アイオーデータ,IO11043220.webp,https://8ec.jp/images/products/IO11043220.webp,public/images/products/IO11043220.webp,,画像準備中・公式画像へ差替待ち
IO11044560,LCD-YC172AX,アイオーデータ,IO11044560.webp,https://8ec.jp/images/products/IO11044560.webp,public/images/products/IO11044560.webp,,画像準備中・公式画像へ差替待ち
IO11045320,LCD-YC162HX,アイオーデータ,IO11045320.webp,https://8ec.jp/images/products/IO11045320.webp,public/images/products/IO11045320.webp,,画像準備中・公式画像へ差替待ち
IO11046950,LCD-C251SH,アイオーデータ,IO11046950.webp,https://8ec.jp/images/products/IO11046950.webp,public/images/products/IO11046950.webp,,画像準備中・公式画像へ差替待ち
IO11046970,LCD-C251SH-F,アイオーデータ,IO11046970.webp,https://8ec.jp/images/products/IO11046970.webp,public/images/products/IO11046970.webp,,画像準備中・公式画像へ差替待ち
IO11047280,LCD-CQ271SA-F,アイオーデータ,IO11047280.webp,https://8ec.jp/images/products/IO11047280.webp,public/images/products/IO11047280.webp,,画像準備中・公式画像へ差替待ち
IO11047770,LCD-YC141DX,アイオーデータ,IO11047770.webp,https://8ec.jp/images/products/IO11047770.webp,public/images/products/IO11047770.webp,,画像準備中・公式画像へ差替待ち
IO11048570,LCD-CQ270SA,アイオーデータ,IO11048570.webp,https://8ec.jp/images/products/IO11048570.webp,public/images/products/IO11048570.webp,,画像準備中・公式画像へ差替待ち
IO11048590,LCD-CQ270SA-F,アイオーデータ,IO11048590.webp,https://8ec.jp/images/products/IO11048590.webp,public/images/products/IO11048590.webp,,画像準備中・公式画像へ差替待ち
IO11048670,LCD-D222SD,アイオーデータ,IO11048670.webp,https://8ec.jp/images/products/IO11048670.webp,public/images/products/IO11048670.webp,,画像準備中・公式画像へ差替待ち
IO11048680,LCD-D222SD-F,アイオーデータ,IO11048680.webp,https://8ec.jp/images/products/IO11048680.webp,public/images/products/IO11048680.webp,,画像準備中・公式画像へ差替待ち
IO11048690,LCD-D242SA,アイオーデータ,IO11048690.webp,https://8ec.jp/images/products/IO11048690.webp,public/images/products/IO11048690.webp,,画像準備中・公式画像へ差替待ち
IO11048700,LCD-D242SA-F,アイオーデータ,IO11048700.webp,https://8ec.jp/images/products/IO11048700.webp,public/images/products/IO11048700.webp,,画像準備中・公式画像へ差替待ち
IO11048710,LCD-D272SA,アイオーデータ,IO11048710.webp,https://8ec.jp/images/products/IO11048710.webp,public/images/products/IO11048710.webp,,画像準備中・公式画像へ差替待ち
IO11048720,LCD-D272SA-F,アイオーデータ,IO11048720.webp,https://8ec.jp/images/products/IO11048720.webp,public/images/products/IO11048720.webp,,画像準備中・公式画像へ差替待ち
IO11049330,LCD-SAX191DB,アイオーデータ,IO11049330.webp,https://8ec.jp/images/products/IO11049330.webp,public/images/products/IO11049330.webp,,画像準備中・公式画像へ差替待ち
IO11049340,LCD-SAX191DW,アイオーデータ,IO11049340.webp,https://8ec.jp/images/products/IO11049340.webp,public/images/products/IO11049340.webp,,画像準備中・公式画像へ差替待ち
IO11049460,LCD-CWQ341SDB-F,アイオーデータ,IO11049460.webp,https://8ec.jp/images/products/IO11049460.webp,public/images/products/IO11049460.webp,,画像準備中・公式画像へ差替待ち
IO11049970,LCD-C222SDB,アイオーデータ,IO11049970.webp,https://8ec.jp/images/products/IO11049970.webp,public/images/products/IO11049970.webp,,画像準備中・公式画像へ差替待ち
IO11049980,LCD-C222SDW,アイオーデータ,IO11049980.webp,https://8ec.jp/images/products/IO11049980.webp,public/images/products/IO11049980.webp,,画像準備中・公式画像へ差替待ち
IO11050020,LCD-C222SDB-F,アイオーデータ,IO11050020.webp,https://8ec.jp/images/products/IO11050020.webp,public/images/products/IO11050020.webp,,画像準備中・公式画像へ差替待ち
IO11050030,LCD-C222SDW-F,アイオーデータ,IO11050030.webp,https://8ec.jp/images/products/IO11050030.webp,public/images/products/IO11050030.webp,,画像準備中・公式画像へ差替待ち
IO11050080,LCD-C242SDW,アイオーデータ,IO11050080.webp,https://8ec.jp/images/products/IO11050080.webp,public/images/products/IO11050080.webp,,画像準備中・公式画像へ差替待ち
IO11050120,LCD-C242SDB-F,アイオーデータ,IO11050120.webp,https://8ec.jp/images/products/IO11050120.webp,public/images/products/IO11050120.webp,,画像準備中・公式画像へ差替待ち
IO11050130,LCD-C242SDW-F,アイオーデータ,IO11050130.webp,https://8ec.jp/images/products/IO11050130.webp,public/images/products/IO11050130.webp,,画像準備中・公式画像へ差替待ち
IO11050170,LCD-C272SDB,アイオーデータ,IO11050170.webp,https://8ec.jp/images/products/IO11050170.webp,public/images/products/IO11050170.webp,,画像準備中・公式画像へ差替待ち
IO11050180,LCD-C272SDW,アイオーデータ,IO11050180.webp,https://8ec.jp/images/products/IO11050180.webp,public/images/products/IO11050180.webp,,画像準備中・公式画像へ差替待ち
IO11050220,LCD-C272SDB-F,アイオーデータ,IO11050220.webp,https://8ec.jp/images/products/IO11050220.webp,public/images/products/IO11050220.webp,,画像準備中・公式画像へ差替待ち
IO11050230,LCD-C272SDW-F,アイオーデータ,IO11050230.webp,https://8ec.jp/images/products/IO11050230.webp,public/images/products/IO11050230.webp,,画像準備中・公式画像へ差替待ち
IO11050240,LCD-C272SDB-FX,アイオーデータ,IO11050240.webp,https://8ec.jp/images/products/IO11050240.webp,public/images/products/IO11050240.webp,,画像準備中・公式画像へ差替待ち
IO11050470,LCD-C251SH-GF,アイオーデータ,IO11050470.webp,https://8ec.jp/images/products/IO11050470.webp,public/images/products/IO11050470.webp,,画像準備中・公式画像へ差替待ち
IO11050840,LCD-CU321D-F,アイオーデータ,IO11050840.webp,https://8ec.jp/images/products/IO11050840.webp,public/images/products/IO11050840.webp,,画像準備中・公式画像へ差替待ち
IO11050920,LCD-YC163DX,アイオーデータ,IO11050920.webp,https://8ec.jp/images/products/IO11050920.webp,public/images/products/IO11050920.webp,,画像準備中・公式画像へ差替待ち
IO11051390,LCD-YC142HX,アイオーデータ,IO11051390.webp,https://8ec.jp/images/products/IO11051390.webp,public/images/products/IO11051390.webp,,画像準備中・公式画像へ差替待ち
IO11051430,LCD-CU272D-F,アイオーデータ,IO11051430.webp,https://8ec.jp/images/products/IO11051430.webp,public/images/products/IO11051430.webp,,画像準備中・公式画像へ差替待ち
IO11051810,LCD-C243SMB-F,アイオーデータ,IO11051810.webp,https://8ec.jp/images/products/IO11051810.webp,public/images/products/IO11051810.webp,,画像準備中・公式画像へ差替待ち
IO11052060,LCD-CU273AS-F,アイオーデータ,IO11052060.webp,https://8ec.jp/images/products/IO11052060.webp,public/images/products/IO11052060.webp,,画像準備中・公式画像へ差替待ち
IO11052210,LCD-C243SMW-F,アイオーデータ,IO11052210.webp,https://8ec.jp/images/products/IO11052210.webp,public/images/products/IO11052210.webp,,画像準備中・公式画像へ差替待ち
AD21000190,LCD1015,エーディテクノ,AD21000190.webp,https://8ec.jp/images/products/AD21000190.webp,public/images/products/AD21000190.webp,,画像準備中・公式画像へ差替待ち
AD21000830,CL1042N,エーディテクノ,AD21000830.webp,https://8ec.jp/images/products/AD21000830.webp,public/images/products/AD21000830.webp,,画像準備中・公式画像へ差替待ち
AD21000870,CL7619N,エーディテクノ,AD21000870.webp,https://8ec.jp/images/products/AD21000870.webp,public/images/products/AD21000870.webp,,画像準備中・公式画像へ差替待ち
AD21003310,LCD1560,エーディテクノ,AD21003310.webp,https://8ec.jp/images/products/AD21003310.webp,public/images/products/AD21003310.webp,,画像準備中・公式画像へ差替待ち
AD21003320,LCD1560MT,エーディテクノ,AD21003320.webp,https://8ec.jp/images/products/AD21003320.webp,public/images/products/AD21003320.webp,,画像準備中・公式画像へ差替待ち
AD21003450,LCD1017,エーディテクノ,AD21003450.webp,https://8ec.jp/images/products/AD21003450.webp,public/images/products/AD21003450.webp,,画像準備中・公式画像へ差替待ち
AD21003470,LCD1017MT,エーディテクノ,AD21003470.webp,https://8ec.jp/images/products/AD21003470.webp,public/images/products/AD21003470.webp,,画像準備中・公式画像へ差替待ち
AD21003510,LCD1331,エーディテクノ,AD21003510.webp,https://8ec.jp/images/products/AD21003510.webp,public/images/products/AD21003510.webp,,画像準備中・公式画像へ差替待ち
AD21003530,LCD1331MT,エーディテクノ,AD21003530.webp,https://8ec.jp/images/products/AD21003530.webp,public/images/products/AD21003530.webp,,画像準備中・公式画像へ差替待ち
AD21005440,SG1561S,エーディテクノ,AD21005440.webp,https://8ec.jp/images/products/AD21005440.webp,public/images/products/AD21005440.webp,,画像準備中・公式画像へ差替待ち
AD21005460,SG2151S,エーディテクノ,AD21005460.webp,https://8ec.jp/images/products/AD21005460.webp,public/images/products/AD21005460.webp,,画像準備中・公式画像へ差替待ち
GR13001630,GH-LCW22L-BK,グリーンハウス,GR13001630.webp,https://8ec.jp/images/products/GR13001630.webp,public/images/products/GR13001630.webp,,画像準備中・公式画像へ差替待ち
GR13001640,GH-LCW22L-WH,グリーンハウス,GR13001640.webp,https://8ec.jp/images/products/GR13001640.webp,public/images/products/GR13001640.webp,,画像準備中・公式画像へ差替待ち
GR13001840,GH-LCS17D-BK,グリーンハウス,GR13001840.webp,https://8ec.jp/images/products/GR13001840.webp,public/images/products/GR13001840.webp,,画像準備中・公式画像へ差替待ち
GR13002090,GH-LCU16C-SV,グリーンハウス,GR13002090.webp,https://8ec.jp/images/products/GR13002090.webp,public/images/products/GR13002090.webp,,画像準備中・公式画像へ差替待ち
GR13002100,GH-LCU14A-SV,グリーンハウス,GR13002100.webp,https://8ec.jp/images/products/GR13002100.webp,public/images/products/GR13002100.webp,,画像準備中・公式画像へ差替待ち
DL5SPM0059,E2020H-A,デル・テクノロジーズ,DL5SPM0059.webp,https://8ec.jp/images/products/DL5SPM0059.webp,public/images/products/DL5SPM0059.webp,,画像準備中・公式画像へ差替待ち
DL5SPM0126,U2724D,デル・テクノロジーズ,DL5SPM0126.webp,https://8ec.jp/images/products/DL5SPM0126.webp,public/images/products/DL5SPM0126.webp,,画像準備中・公式画像へ差替待ち
DL5SPM0127,U2724DE,デル・テクノロジーズ,DL5SPM0127.webp,https://8ec.jp/images/products/DL5SPM0127.webp,public/images/products/DL5SPM0127.webp,,画像準備中・公式画像へ差替待ち
DL5SPM0132,U3824DW,デル・テクノロジーズ,DL5SPM0132.webp,https://8ec.jp/images/products/DL5SPM0132.webp,public/images/products/DL5SPM0132.webp,,画像準備中・公式画像へ差替待ち
DL5SPM0139,P2725HE,デル・テクノロジーズ,DL5SPM0139.webp,https://8ec.jp/images/products/DL5SPM0139.webp,public/images/products/DL5SPM0139.webp,,画像準備中・公式画像へ差替待ち
DL5SPM0151,U2725QE,デル・テクノロジーズ,DL5SPM0151.webp,https://8ec.jp/images/products/DL5SPM0151.webp,public/images/products/DL5SPM0151.webp,,画像準備中・公式画像へ差替待ち
DL5SPM0153,P2425D,デル・テクノロジーズ,DL5SPM0153.webp,https://8ec.jp/images/products/DL5SPM0153.webp,public/images/products/DL5SPM0153.webp,,画像準備中・公式画像へ差替待ち
DL5SPM0155,P2725D,デル・テクノロジーズ,DL5SPM0155.webp,https://8ec.jp/images/products/DL5SPM0155.webp,public/images/products/DL5SPM0155.webp,,画像準備中・公式画像へ差替待ち
DL5SPM0156,P2725DE,デル・テクノロジーズ,DL5SPM0156.webp,https://8ec.jp/images/products/DL5SPM0156.webp,public/images/products/DL5SPM0156.webp,,画像準備中・公式画像へ差替待ち
DL5SPM0157,P2725QE,デル・テクノロジーズ,DL5SPM0157.webp,https://8ec.jp/images/products/DL5SPM0157.webp,public/images/products/DL5SPM0157.webp,,画像準備中・公式画像へ差替待ち
DL5SPM0158,P3225QE,デル・テクノロジーズ,DL5SPM0158.webp,https://8ec.jp/images/products/DL5SPM0158.webp,public/images/products/DL5SPM0158.webp,,画像準備中・公式画像へ差替待ち
DL5SPM0159,P3425WE,デル・テクノロジーズ,DL5SPM0159.webp,https://8ec.jp/images/products/DL5SPM0159.webp,public/images/products/DL5SPM0159.webp,,画像準備中・公式画像へ差替待ち
DL5SPM0160,E2225HM,デル・テクノロジーズ,DL5SPM0160.webp,https://8ec.jp/images/products/DL5SPM0160.webp,public/images/products/DL5SPM0160.webp,,画像準備中・公式画像へ差替待ち
DL5SPM0161,E2225HSM,デル・テクノロジーズ,DL5SPM0161.webp,https://8ec.jp/images/products/DL5SPM0161.webp,public/images/products/DL5SPM0161.webp,,画像準備中・公式画像へ差替待ち
DL5SPM0162,E2425HM,デル・テクノロジーズ,DL5SPM0162.webp,https://8ec.jp/images/products/DL5SPM0162.webp,public/images/products/DL5SPM0162.webp,,画像準備中・公式画像へ差替待ち
DL5SPM0163,E2425HSM,デル・テクノロジーズ,DL5SPM0163.webp,https://8ec.jp/images/products/DL5SPM0163.webp,public/images/products/DL5SPM0163.webp,,画像準備中・公式画像へ差替待ち
DL5SPM0164,E2725HM,デル・テクノロジーズ,DL5SPM0164.webp,https://8ec.jp/images/products/DL5SPM0164.webp,public/images/products/DL5SPM0164.webp,,画像準備中・公式画像へ差替待ち
DL5SPM0167,P2226H,デル・テクノロジーズ,DL5SPM0167.webp,https://8ec.jp/images/products/DL5SPM0167.webp,public/images/products/DL5SPM0167.webp,,画像準備中・公式画像へ差替待ち
DL5SPM0170,P2426,デル・テクノロジーズ,DL5SPM0170.webp,https://8ec.jp/images/products/DL5SPM0170.webp,public/images/products/DL5SPM0170.webp,,画像準備中・公式画像へ差替待ち
RY14002370,222B9TA/11,フィリップス,RY14002370.webp,https://8ec.jp/images/products/RY14002370.webp,public/images/products/RY14002370.webp,,画像準備中・公式画像へ差替待ち
RY14001530,273B9/11,フィリップス,RY14001530.webp,https://8ec.jp/images/products/RY14001530.webp,public/images/products/RY14001530.webp,,画像準備中・公式画像へ差替待ち
RY14001580,243S9A/11,フィリップス,RY14001580.webp,https://8ec.jp/images/products/RY14001580.webp,public/images/products/RY14001580.webp,,画像準備中・公式画像へ差替待ち
RY14001830,222S1AE/11,フィリップス,RY14001830.webp,https://8ec.jp/images/products/RY14001830.webp,public/images/products/RY14001830.webp,,画像準備中・公式画像へ差替待ち
RY14001850,272S1AE/11,フィリップス,RY14001850.webp,https://8ec.jp/images/products/RY14001850.webp,public/images/products/RY14001850.webp,,画像準備中・公式画像へ差替待ち
RY14001890,170S9A3/11,フィリップス,RY14001890.webp,https://8ec.jp/images/products/RY14001890.webp,public/images/products/RY14001890.webp,,画像準備中・公式画像へ差替待ち
RY14001950,243B9H/11,フィリップス,RY14001950.webp,https://8ec.jp/images/products/RY14001950.webp,public/images/products/RY14001950.webp,,画像準備中・公式画像へ差替待ち
RY14001960,439P1/11,フィリップス,RY14001960.webp,https://8ec.jp/images/products/RY14001960.webp,public/images/products/RY14001960.webp,,画像準備中・公式画像へ差替待ち
RY14002030,19S4QAB3/11,フィリップス,RY14002030.webp,https://8ec.jp/images/products/RY14002030.webp,public/images/products/RY14002030.webp,,画像準備中・公式画像へ差替待ち
RY14002100,243S1/11,フィリップス,RY14002100.webp,https://8ec.jp/images/products/RY14002100.webp,public/images/products/RY14002100.webp,,画像準備中・公式画像へ差替待ち
RY14002110,223S9A/11,フィリップス,RY14002110.webp,https://8ec.jp/images/products/RY14002110.webp,public/images/products/RY14002110.webp,,画像準備中・公式画像へ差替待ち
RY14002120,32E1N3100LA/11,フィリップス,RY14002120.webp,https://8ec.jp/images/products/RY14002120.webp,public/images/products/RY14002120.webp,,画像準備中・公式画像へ差替待ち
RY14002150,242B9T/11,フィリップス,RY14002150.webp,https://8ec.jp/images/products/RY14002150.webp,public/images/products/RY14002150.webp,,画像準備中・公式画像へ差替待ち
RY14002190,271S9A/11,フィリップス,RY14002190.webp,https://8ec.jp/images/products/RY14002190.webp,public/images/products/RY14002190.webp,,画像準備中・公式画像へ差替待ち
RY14002380,32E1N1800LA/11,フィリップス,RY14002380.webp,https://8ec.jp/images/products/RY14002380.webp,public/images/products/RY14002380.webp,,画像準備中・公式画像へ差替待ち
RY14002400,24E1N1200A/11,フィリップス,RY14002400.webp,https://8ec.jp/images/products/RY14002400.webp,public/images/products/RY14002400.webp,,画像準備中・公式画像へ差替待ち
RY14002410,24E1N1200AW/11,フィリップス,RY14002410.webp,https://8ec.jp/images/products/RY14002410.webp,public/images/products/RY14002410.webp,,画像準備中・公式画像へ差替待ち
RY14002420,27E1N1200A/11,フィリップス,RY14002420.webp,https://8ec.jp/images/products/RY14002420.webp,public/images/products/RY14002420.webp,,画像準備中・公式画像へ差替待ち
RY14002610,24B2U3301/11,フィリップス,RY14002610.webp,https://8ec.jp/images/products/RY14002610.webp,public/images/products/RY14002610.webp,,画像準備中・公式画像へ差替待ち
RY14002620,24B2U3301D/11,フィリップス,RY14002620.webp,https://8ec.jp/images/products/RY14002620.webp,public/images/products/RY14002620.webp,,画像準備中・公式画像へ差替待ち
RY14002630,27B2U3601/11,フィリップス,RY14002630.webp,https://8ec.jp/images/products/RY14002630.webp,public/images/products/RY14002630.webp,,画像準備中・公式画像へ差替待ち
RY14002640,32B2U3601/11,フィリップス,RY14002640.webp,https://8ec.jp/images/products/RY14002640.webp,public/images/products/RY14002640.webp,,画像準備中・公式画像へ差替待ち
RY14002650,34B2U3600C/11,フィリップス,RY14002650.webp,https://8ec.jp/images/products/RY14002650.webp,public/images/products/RY14002650.webp,,画像準備中・公式画像へ差替待ち
PR51003900,PTFBLD-24W,プリンストン,PR51003900.webp,https://8ec.jp/images/products/PR51003900.webp,public/images/products/PR51003900.webp,,画像準備中・公式画像へ差替待ち
PR51004030,PTF-M133T,プリンストン,PR51004030.webp,https://8ec.jp/images/products/PR51004030.webp,public/images/products/PR51004030.webp,,画像準備中・公式画像へ差替待ち
PR51004190,PTF-B241W-BK,プリンストン,PR51004190.webp,https://8ec.jp/images/products/PR51004190.webp,public/images/products/PR51004190.webp,,画像準備中・公式画像へ差替待ち
PR51004240,PTF-H242W-BK,プリンストン,PR51004240.webp,https://8ec.jp/images/products/PR51004240.webp,public/images/products/PR51004240.webp,,画像準備中・公式画像へ差替待ち
PR51004250,PTF-H243W-BK,プリンストン,PR51004250.webp,https://8ec.jp/images/products/PR51004250.webp,public/images/products/PR51004250.webp,,画像準備中・公式画像へ差替待ち
PR51004290,PTF-H241W-BK,プリンストン,PR51004290.webp,https://8ec.jp/images/products/PR51004290.webp,public/images/products/PR51004290.webp,,画像準備中・公式画像へ差替待ち
PR51004320,PTF-H222W-BK,プリンストン,PR51004320.webp,https://8ec.jp/images/products/PR51004320.webp,public/images/products/PR51004320.webp,,画像準備中・公式画像へ差替待ち
PR51004330,PTF-M133A,プリンストン,PR51004330.webp,https://8ec.jp/images/products/PR51004330.webp,public/images/products/PR51004330.webp,,画像準備中・公式画像へ差替待ち
RZ51002440,PD2725U,ベンキュージャパン,RZ51002440.webp,https://8ec.jp/images/products/RZ51002440.webp,public/images/products/RZ51002440.webp,,画像準備中・公式画像へ差替待ち
RZ51003080,PD2706U,ベンキュージャパン,RZ51003080.webp,https://8ec.jp/images/products/RZ51003080.webp,public/images/products/RZ51003080.webp,,画像準備中・公式画像へ差替待ち
RZ51003220,GW2490,ベンキュージャパン,RZ51003220.webp,https://8ec.jp/images/products/RZ51003220.webp,public/images/products/RZ51003220.webp,,画像準備中・公式画像へ差替待ち
RZ51003230,GW2790,ベンキュージャパン,RZ51003230.webp,https://8ec.jp/images/products/RZ51003230.webp,public/images/products/RZ51003230.webp,,画像準備中・公式画像へ差替待ち
RZ51003320,GW2490T,ベンキュージャパン,RZ51003320.webp,https://8ec.jp/images/products/RZ51003320.webp,public/images/products/RZ51003320.webp,,画像準備中・公式画像へ差替待ち
RZ51003340,SW242Q,ベンキュージャパン,RZ51003340.webp,https://8ec.jp/images/products/RZ51003340.webp,public/images/products/RZ51003340.webp,,画像準備中・公式画像へ差替待ち
RZ51003410,GW2486TC,ベンキュージャパン,RZ51003410.webp,https://8ec.jp/images/products/RZ51003410.webp,public/images/products/RZ51003410.webp,,画像準備中・公式画像へ差替待ち
RZ51003420,GW2786TC,ベンキュージャパン,RZ51003420.webp,https://8ec.jp/images/products/RZ51003420.webp,public/images/products/RZ51003420.webp,,画像準備中・公式画像へ差替待ち
RZ51003490,MA270U,ベンキュージャパン,RZ51003490.webp,https://8ec.jp/images/products/RZ51003490.webp,public/images/products/RZ51003490.webp,,画像準備中・公式画像へ差替待ち
RZ51003500,MA320U,ベンキュージャパン,RZ51003500.webp,https://8ec.jp/images/products/RZ51003500.webp,public/images/products/RZ51003500.webp,,画像準備中・公式画像へ差替待ち
RZ51003630,GW2790Q,ベンキュージャパン,RZ51003630.webp,https://8ec.jp/images/products/RZ51003630.webp,public/images/products/RZ51003630.webp,,画像準備中・公式画像へ差替待ち
RZ51003730,PD2706QN,ベンキュージャパン,RZ51003730.webp,https://8ec.jp/images/products/RZ51003730.webp,public/images/products/RZ51003730.webp,,画像準備中・公式画像へ差替待ち
RZ51003780,PD2730S,ベンキュージャパン,RZ51003780.webp,https://8ec.jp/images/products/RZ51003780.webp,public/images/products/RZ51003780.webp,,画像準備中・公式画像へ差替待ち
RZ51003890,EW2790U,ベンキュージャパン,RZ51003890.webp,https://8ec.jp/images/products/RZ51003890.webp,public/images/products/RZ51003890.webp,,画像準備中・公式画像へ差替待ち
RZ51003900,MA270UP,ベンキュージャパン,RZ51003900.webp,https://8ec.jp/images/products/RZ51003900.webp,public/images/products/RZ51003900.webp,,画像準備中・公式画像へ差替待ち
CQ65213260,6N4E8AA#ABJ,日本ＨＰ,CQ65213260.webp,https://8ec.jp/images/products/CQ65213260.webp,public/images/products/CQ65213260.webp,,画像準備中・公式画像へ差替待ち
CQ65215130,6N6E6AA#ABJ,日本ＨＰ,CQ65215130.webp,https://8ec.jp/images/products/CQ65215130.webp,public/images/products/CQ65215130.webp,,画像準備中・公式画像へ差替待ち
CQ65216750,8X530AA#ABJ,日本ＨＰ,CQ65216750.webp,https://8ec.jp/images/products/CQ65216750.webp,public/images/products/CQ65216750.webp,,画像準備中・公式画像へ差替待ち
CQ65216840,8Y2F7AA#ABJ,日本ＨＰ,CQ65216840.webp,https://8ec.jp/images/products/CQ65216840.webp,public/images/products/CQ65216840.webp,,画像準備中・公式画像へ差替待ち
CQ65217200,9U5A2AA#ABJ,日本ＨＰ,CQ65217200.webp,https://8ec.jp/images/products/CQ65217200.webp,public/images/products/CQ65217200.webp,,画像準備中・公式画像へ差替待ち
CQ65217210,9U5B0UT#ABJ,日本ＨＰ,CQ65217210.webp,https://8ec.jp/images/products/CQ65217210.webp,public/images/products/CQ65217210.webp,,画像準備中・公式画像へ差替待ち
CQ65217220,9U5C1AA#ABJ,日本ＨＰ,CQ65217220.webp,https://8ec.jp/images/products/CQ65217220.webp,public/images/products/CQ65217220.webp,,画像準備中・公式画像へ差替待ち
CQ65217230,9U5J5UT#ABJ,日本ＨＰ,CQ65217230.webp,https://8ec.jp/images/products/CQ65217230.webp,public/images/products/CQ65217230.webp,,画像準備中・公式画像へ差替待ち
CQ65217250,9D9A7AA#ABJ,日本ＨＰ,CQ65217250.webp,https://8ec.jp/images/products/CQ65217250.webp,public/images/products/CQ65217250.webp,,画像準備中・公式画像へ差替待ち
CQ65217540,9D9L6UT#ABJ,日本ＨＰ,CQ65217540.webp,https://8ec.jp/images/products/CQ65217540.webp,public/images/products/CQ65217540.webp,,画像準備中・公式画像へ差替待ち
CQ65217550,9D9V7AA#ABJ,日本ＨＰ,CQ65217550.webp,https://8ec.jp/images/products/CQ65217550.webp,public/images/products/CQ65217550.webp,,画像準備中・公式画像へ差替待ち
CQ65217570,9E0G5AA#ABJ,日本ＨＰ,CQ65217570.webp,https://8ec.jp/images/products/CQ65217570.webp,public/images/products/CQ65217570.webp,,画像準備中・公式画像へ差替待ち
CQ65218480,B0BN7UT#ABJ,日本ＨＰ,CQ65218480.webp,https://8ec.jp/images/products/CQ65218480.webp,public/images/products/CQ65218480.webp,,画像準備中・公式画像へ差替待ち
CQ65218490,B0BU9UT#ABJ,日本ＨＰ,CQ65218490.webp,https://8ec.jp/images/products/CQ65218490.webp,public/images/products/CQ65218490.webp,,画像準備中・公式画像へ差替待ち
CQ65218500,B0CG8UT#ABJ,日本ＨＰ,CQ65218500.webp,https://8ec.jp/images/products/CQ65218500.webp,public/images/products/CQ65218500.webp,,画像準備中・公式画像へ差替待ち
CQ65219390,B28F5UT#ABJ,日本ＨＰ,CQ65219390.webp,https://8ec.jp/images/products/CQ65219390.webp,public/images/products/CQ65219390.webp,,画像準備中・公式画像へ差替待ち
CQ65219400,B88JWAA#ABJ,日本ＨＰ,CQ65219400.webp,https://8ec.jp/images/products/CQ65219400.webp,public/images/products/CQ65219400.webp,,画像準備中・公式画像へ差替待ち
J1A1002070,JN-V32FLFHD,ＪＡＰＡＮＮＥＸＴ,J1A1002070.webp,https://8ec.jp/images/products/J1A1002070.webp,public/images/products/J1A1002070.webp,,画像準備中・公式画像へ差替待ち
J1A1002810,JN-MD-IPS105FHDPR,ＪＡＰＡＮＮＥＸＴ,J1A1002810.webp,https://8ec.jp/images/products/J1A1002810.webp,public/images/products/J1A1002810.webp,,画像準備中・公式画像へ差替待ち
J1A1003850,JN-IPS315UHDR-C90W-HSP,ＪＡＰＡＮＮＥＸＴ,J1A1003850.webp,https://8ec.jp/images/products/J1A1003850.webp,public/images/products/J1A1003850.webp,,画像準備中・公式画像へ差替待ち
J1A1004060,JN-IPS28U-C6,ＪＡＰＡＮＮＥＸＴ,J1A1004060.webp,https://8ec.jp/images/products/J1A1004060.webp,public/images/products/J1A1004060.webp,,画像準備中・公式画像へ差替待ち
J1A1005700,JN-215IPS120F-HSP,ＪＡＰＡＮＮＥＸＴ,J1A1005700.webp,https://8ec.jp/images/products/J1A1005700.webp,public/images/products/J1A1005700.webp,,画像準備中・公式画像へ差替待ち
GR12015650,GH-LCW24V-BK,グリーンハウス,GR12015650.webp,https://8ec.jp/images/products/GR12015650.webp,public/images/products/GR12015650.webp,,画像準備中・公式画像へ差替待ち
GR12015690,GH-LCW24VH-BK,グリーンハウス,GR12015690.webp,https://8ec.jp/images/products/GR12015690.webp,public/images/products/GR12015690.webp,,画像準備中・公式画像へ差替待ち
GR12016050,GH-LCW24U-BK,グリーンハウス,GR12016050.webp,https://8ec.jp/images/products/GR12016050.webp,public/images/products/GR12016050.webp,,画像準備中・公式画像へ差替待ち
CQ6FS03820,P65394-291,HPE,CQ6FS03820.webp,https://8ec.jp/images/products/CQ6FS03820.webp,public/images/products/CQ6FS03820.webp,,画像準備中・公式画像へ差替待ち
CQ6FS03830,P65395-291,HPE,CQ6FS03830.webp,https://8ec.jp/images/products/CQ6FS03830.webp,public/images/products/CQ6FS03830.webp,,画像準備中・公式画像へ差替待ち
CQ6FS03840,P65396-291,HPE,CQ6FS03840.webp,https://8ec.jp/images/products/CQ6FS03840.webp,public/images/products/CQ6FS03840.webp,,画像準備中・公式画像へ差替待ち
CQ6R083740,P57686-291,HPE,CQ6R083740.webp,https://8ec.jp/images/products/CQ6R083740.webp,public/images/products/CQ6R083740.webp,,画像準備中・公式画像へ差替待ち
CQ6R083750,P57687-291,HPE,CQ6R083750.webp,https://8ec.jp/images/products/CQ6R083750.webp,public/images/products/CQ6R083750.webp,,画像準備中・公式画像へ差替待ち
CQ6R020440,P70540-291,HPE,CQ6R020440.webp,https://8ec.jp/images/products/CQ6R020440.webp,public/images/products/CQ6R020440.webp,,画像準備中・公式画像へ差替待ち
CQ6R020450,P70542-291,HPE,CQ6R020450.webp,https://8ec.jp/images/products/CQ6R020450.webp,public/images/products/CQ6R020450.webp,,画像準備中・公式画像へ差替待ち
CQ6R082280,P19774-291,HPE,CQ6R082280.webp,https://8ec.jp/images/products/CQ6R082280.webp,public/images/products/CQ6R082280.webp,,画像準備中・公式画像へ差替待ち
CQ6R082290,P19779-291,HPE,CQ6R082290.webp,https://8ec.jp/images/products/CQ6R082290.webp,public/images/products/CQ6R082290.webp,,画像準備中・公式画像へ差替待ち
CQ6R083800,P51932-291,HPE,CQ6R083800.webp,https://8ec.jp/images/products/CQ6R083800.webp,public/images/products/CQ6R083800.webp,,画像準備中・公式画像へ差替待ち
CQ6R083810,P51931-291,HPE,CQ6R083810.webp,https://8ec.jp/images/products/CQ6R083810.webp,public/images/products/CQ6R083810.webp,,画像準備中・公式画像へ差替待ち
CQ6R083770,P60735-291,HPE,CQ6R083770.webp,https://8ec.jp/images/products/CQ6R083770.webp,public/images/products/CQ6R083770.webp,,画像準備中・公式画像へ差替待ち
CQ6R083780,P51930-291,HPE,CQ6R083780.webp,https://8ec.jp/images/products/CQ6R083780.webp,public/images/products/CQ6R083780.webp,,画像準備中・公式画像へ差替待ち
CQ6R083790,P60734-291,HPE,CQ6R083790.webp,https://8ec.jp/images/products/CQ6R083790.webp,public/images/products/CQ6R083790.webp,,画像準備中・公式画像へ差替待ち
CQ6R083860,P52564-291,HPE,CQ6R083860.webp,https://8ec.jp/images/products/CQ6R083860.webp,public/images/products/CQ6R083860.webp,,画像準備中・公式画像へ差替待ち
CQ6R083870,P52561-291,HPE,CQ6R083870.webp,https://8ec.jp/images/products/CQ6R083870.webp,public/images/products/CQ6R083870.webp,,画像準備中・公式画像へ差替待ち
CQ6R083820,P52562-291,HPE,CQ6R083820.webp,https://8ec.jp/images/products/CQ6R083820.webp,public/images/products/CQ6R083820.webp,,画像準備中・公式画像へ差替待ち
CQ6R083910,P87689-295,HPE,CQ6R083910.webp,https://8ec.jp/images/products/CQ6R083910.webp,public/images/products/CQ6R083910.webp,,画像準備中・公式画像へ差替待ち
CQ6R083920,P87688-295,HPE,CQ6R083920.webp,https://8ec.jp/images/products/CQ6R083920.webp,public/images/products/CQ6R083920.webp,,画像準備中・公式画像へ差替待ち
CQ6R083930,P84112-295,HPE,CQ6R083930.webp,https://8ec.jp/images/products/CQ6R083930.webp,public/images/products/CQ6R083930.webp,,画像準備中・公式画像へ差替待ち
CQ6R020490,P78107-295,HPE,CQ6R020490.webp,https://8ec.jp/images/products/CQ6R020490.webp,public/images/products/CQ6R020490.webp,,画像準備中・公式画像へ差替待ち
CQ6R020540,P81704-295,HPE,CQ6R020540.webp,https://8ec.jp/images/products/CQ6R020540.webp,public/images/products/CQ6R020540.webp,,画像準備中・公式画像へ差替待ち
CQ6R083940,P89364-295,HPE,CQ6R083940.webp,https://8ec.jp/images/products/CQ6R083940.webp,public/images/products/CQ6R083940.webp,,画像準備中・公式画像へ差替待ち
CQ6R083950,P89322-295,HPE,CQ6R083950.webp,https://8ec.jp/images/products/CQ6R083950.webp,public/images/products/CQ6R083950.webp,,画像準備中・公式画像へ差替待ち
CQ6R020570,P83518-295,HPE,CQ6R020570.webp,https://8ec.jp/images/products/CQ6R020570.webp,public/images/products/CQ6R020570.webp,,画像準備中・公式画像へ差替待ち
CQ6R084010,P83512-295,HPE,CQ6R084010.webp,https://8ec.jp/images/products/CQ6R084010.webp,public/images/products/CQ6R084010.webp,,画像準備中・公式画像へ差替待ち
CQ6R084030,P83513-295,HPE,CQ6R084030.webp,https://8ec.jp/images/products/CQ6R084030.webp,public/images/products/CQ6R084030.webp,,画像準備中・公式画像へ差替待ち
CQ6R084100,P89197-295,HPE,CQ6R084100.webp,https://8ec.jp/images/products/CQ6R084100.webp,public/images/products/CQ6R084100.webp,,画像準備中・公式画像へ差替待ち
CQ6R084110,P89203-295,HPE,CQ6R084110.webp,https://8ec.jp/images/products/CQ6R084110.webp,public/images/products/CQ6R084110.webp,,画像準備中・公式画像へ差替待ち
CQ6R084120,P89228-295,HPE,CQ6R084120.webp,https://8ec.jp/images/products/CQ6R084120.webp,public/images/products/CQ6R084120.webp,,画像準備中・公式画像へ差替待ち
CQ6FS03770,P65093-291,HPE,CQ6FS03770.webp,https://8ec.jp/images/products/CQ6FS03770.webp,public/images/products/CQ6FS03770.webp,,画像準備中・公式画像へ差替待ち
CQ6FS03780,P65095-291,HPE,CQ6FS03780.webp,https://8ec.jp/images/products/CQ6FS03780.webp,public/images/products/CQ6FS03780.webp,,画像準備中・公式画像へ差替待ち
CQ6FS03790,P65397-291,HPE,CQ6FS03790.webp,https://8ec.jp/images/products/CQ6FS03790.webp,public/images/products/CQ6FS03790.webp,,画像準備中・公式画像へ差替待ち
CQ6T002810,P44720-291,HPE,CQ6T002810.webp,https://8ec.jp/images/products/CQ6T002810.webp,public/images/products/CQ6T002810.webp,,画像準備中・公式画像へ差替待ち
CQ6T002860,P53566-291,HPE,CQ6T002860.webp,https://8ec.jp/images/products/CQ6T002860.webp,public/images/products/CQ6T002860.webp,,画像準備中・公式画像へ差替待ち
CQ6T003110,P87707-295,HPE,CQ6T003110.webp,https://8ec.jp/images/products/CQ6T003110.webp,public/images/products/CQ6T003110.webp,,画像準備中・公式画像へ差替待ち
CQ6T003130,P84095-295,HPE,CQ6T003130.webp,https://8ec.jp/images/products/CQ6T003130.webp,public/images/products/CQ6T003130.webp,,画像準備中・公式画像へ差替待ち
CQ6T003140,P87690-295,HPE,CQ6T003140.webp,https://8ec.jp/images/products/CQ6T003140.webp,public/images/products/CQ6T003140.webp,,画像準備中・公式画像へ差替待ち
CQ6T003150,P87691-295,HPE,CQ6T003150.webp,https://8ec.jp/images/products/CQ6T003150.webp,public/images/products/CQ6T003150.webp,,画像準備中・公式画像へ差替待ち
CQ6T003160,P87704-295,HPE,CQ6T003160.webp,https://8ec.jp/images/products/CQ6T003160.webp,public/images/products/CQ6T003160.webp,,画像準備中・公式画像へ差替待ち
CQ6T003170,P87705-295,HPE,CQ6T003170.webp,https://8ec.jp/images/products/CQ6T003170.webp,public/images/products/CQ6T003170.webp,,画像準備中・公式画像へ差替待ち
CQ6T002980,P78101-295,HPE,CQ6T002980.webp,https://8ec.jp/images/products/CQ6T002980.webp,public/images/products/CQ6T002980.webp,,画像準備中・公式画像へ差替待ち
CQ6T003050,P81865-295,HPE,CQ6T003050.webp,https://8ec.jp/images/products/CQ6T003050.webp,public/images/products/CQ6T003050.webp,,画像準備中・公式画像へ差替待ち
CQ6T003180,P89087-295,HPE,CQ6T003180.webp,https://8ec.jp/images/products/CQ6T003180.webp,public/images/products/CQ6T003180.webp,,画像準備中・公式画像へ差替待ち
CQ6T003190,P89083-295,HPE,CQ6T003190.webp,https://8ec.jp/images/products/CQ6T003190.webp,public/images/products/CQ6T003190.webp,,画像準備中・公式画像へ差替待ち
CQ6S132740,R0Q78B,HPE,CQ6S132740.webp,https://8ec.jp/images/products/CQ6S132740.webp,public/images/products/CQ6S132740.webp,,画像準備中・公式画像へ差替待ち
CQ6S132750,R0Q77B,HPE,CQ6S132750.webp,https://8ec.jp/images/products/CQ6S132750.webp,public/images/products/CQ6S132750.webp,,画像準備中・公式画像へ差替待ち
CQ6S132700,R0Q74B,HPE,CQ6S132700.webp,https://8ec.jp/images/products/CQ6S132700.webp,public/images/products/CQ6S132700.webp,,画像準備中・公式画像へ差替待ち
CQ6S000340,S1H42A,HPE,CQ6S000340.webp,https://8ec.jp/images/products/CQ6S000340.webp,public/images/products/CQ6S000340.webp,,画像準備中・公式画像へ差替待ち
CQ6S000650,S3T80A,HPE,CQ6S000650.webp,https://8ec.jp/images/products/CQ6S000650.webp,public/images/products/CQ6S000650.webp,,画像準備中・公式画像へ差替待ち
CQ6S000540,S2C83A,HPE,CQ6S000540.webp,https://8ec.jp/images/products/CQ6S000540.webp,public/images/products/CQ6S000540.webp,,画像準備中・公式画像へ差替待ち
CQ6S000630,P79251-B25,HPE,CQ6S000630.webp,https://8ec.jp/images/products/CQ6S000630.webp,public/images/products/CQ6S000630.webp,,画像準備中・公式画像へ差替待ち
CQ6S000560,P79245-B25,HPE,CQ6S000560.webp,https://8ec.jp/images/products/CQ6S000560.webp,public/images/products/CQ6S000560.webp,,画像準備中・公式画像へ差替待ち
CQ6FS47840,R7R97A,HPE,CQ6FS47840.webp,https://8ec.jp/images/products/CQ6FS47840.webp,public/images/products/CQ6FS47840.webp,,画像準備中・公式画像へ差替待ち
CQ6S132370,R6B05A,HPE,CQ6S132370.webp,https://8ec.jp/images/products/CQ6S132370.webp,public/images/products/CQ6S132370.webp,,画像準備中・公式画像へ差替待ち
CQ6FSS0170,QK724A,HPE,CQ6FSS0170.webp,https://8ec.jp/images/products/CQ6FSS0170.webp,public/images/products/CQ6FSS0170.webp,,画像準備中・公式画像へ差替待ち
CQ6FSS6170,R7M09A,HPE,CQ6FSS6170.webp,https://8ec.jp/images/products/CQ6FSS6170.webp,public/images/products/CQ6FSS6170.webp,,画像準備中・公式画像へ差替待ち
CQ6FSS5730,R6B09A,HPE,CQ6FSS5730.webp,https://8ec.jp/images/products/CQ6FSS5730.webp,public/images/products/CQ6FSS5730.webp,,画像準備中・公式画像へ差替待ち
CQ6FS41190,Q1C17A,HPE,CQ6FS41190.webp,https://8ec.jp/images/products/CQ6FS41190.webp,public/images/products/CQ6FS41190.webp,,画像準備中・公式画像へ差替待ち
CQ6FS02630,P48914-B21,HPE,CQ6FS02630.webp,https://8ec.jp/images/products/CQ6FS02630.webp,public/images/products/CQ6FS02630.webp,,画像準備中・公式画像へ差替待ち
CQ6FS02250,P48926-B21,HPE,CQ6FS02250.webp,https://8ec.jp/images/products/CQ6FS02250.webp,public/images/products/CQ6FS02250.webp,,画像準備中・公式画像へ差替待ち
CQ6FSS5510,R2J63A,HPE,CQ6FSS5510.webp,https://8ec.jp/images/products/CQ6FSS5510.webp,public/images/products/CQ6FSS5510.webp,,画像準備中・公式画像へ差替待ち
CQ64414470,263474-B23,HPE,CQ64414470.webp,https://8ec.jp/images/products/CQ64414470.webp,public/images/products/CQ64414470.webp,,画像準備中・公式画像へ差替待ち
CQ6SD16950,R4G19A,HPE,CQ6SD16950.webp,https://8ec.jp/images/products/CQ6SD16950.webp,public/images/products/CQ6SD16950.webp,,画像準備中・公式画像へ差替待ち
CQ6FS20600,AF572A,HPE,CQ6FS20600.webp,https://8ec.jp/images/products/CQ6FS20600.webp,public/images/products/CQ6FS20600.webp,,画像準備中・公式画像へ差替待ち
CQ6FS04880,P77896-B21,HPE,CQ6FS04880.webp,https://8ec.jp/images/products/CQ6FS04880.webp,public/images/products/CQ6FS04880.webp,,画像準備中・公式画像へ差替待ち
CQ6FS03410,P56072-B21,HPE,CQ6FS03410.webp,https://8ec.jp/images/products/CQ6FS03410.webp,public/images/products/CQ6FS03410.webp,,画像準備中・公式画像へ差替待ち
CQ6FS02200,P48918-B21,HPE,CQ6FS02200.webp,https://8ec.jp/images/products/CQ6FS02200.webp,public/images/products/CQ6FS02200.webp,,画像準備中・公式画像へ差替待ち
CQ6FS01250,P47789-B21,HPE,CQ6FS01250.webp,https://8ec.jp/images/products/CQ6FS01250.webp,public/images/products/CQ6FS01250.webp,,画像準備中・公式画像へ差替待ち
CQ6FS01260,P47785-B21,HPE,CQ6FS01260.webp,https://8ec.jp/images/products/CQ6FS01260.webp,public/images/products/CQ6FS01260.webp,,画像準備中・公式画像へ差替待ち
CQ6FS01290,P58335-B21,HPE,CQ6FS01290.webp,https://8ec.jp/images/products/CQ6FS01290.webp,public/images/products/CQ6FS01290.webp,,画像準備中・公式画像へ差替待ち
CQ6FS01270,P47781-B21,HPE,CQ6FS01270.webp,https://8ec.jp/images/products/CQ6FS01270.webp,public/images/products/CQ6FS01270.webp,,画像準備中・公式画像へ差替待ち
CQ6FS01280,P47777-B21,HPE,CQ6FS01280.webp,https://8ec.jp/images/products/CQ6FS01280.webp,public/images/products/CQ6FS01280.webp,,画像準備中・公式画像へ差替待ち
CQ6FS05070,P74775-B21,HPE,CQ6FS05070.webp,https://8ec.jp/images/products/CQ6FS05070.webp,public/images/products/CQ6FS05070.webp,,画像準備中・公式画像へ差替待ち
CQ6FS37980,804398-B21,HPE,CQ6FS37980.webp,https://8ec.jp/images/products/CQ6FS37980.webp,public/images/products/CQ6FS37980.webp,,画像準備中・公式画像へ差替待ち
CQ6FS12500,716195-B21,HPE,CQ6FS12500.webp,https://8ec.jp/images/products/CQ6FS12500.webp,public/images/products/CQ6FS12500.webp,,画像準備中・公式画像へ差替待ち
CQ6FS46050,870213-B21,HPE,CQ6FS46050.webp,https://8ec.jp/images/products/CQ6FS46050.webp,public/images/products/CQ6FS46050.webp,,画像準備中・公式画像へ差替待ち
CQ6FS02310,P52753-B21,HPE,CQ6FS02310.webp,https://8ec.jp/images/products/CQ6FS02310.webp,public/images/products/CQ6FS02310.webp,,画像準備中・公式画像へ差替待ち
CQ6FS02440,P58829-B21,HPE,CQ6FS02440.webp,https://8ec.jp/images/products/CQ6FS02440.webp,public/images/products/CQ6FS02440.webp,,画像準備中・公式画像へ差替待ち
CQ6FS38300,868000-B21,HPE,CQ6FS38300.webp,https://8ec.jp/images/products/CQ6FS38300.webp,public/images/products/CQ6FS38300.webp,,画像準備中・公式画像へ差替待ち
CQ6FS02520,P48903-B21,HPE,CQ6FS02520.webp,https://8ec.jp/images/products/CQ6FS02520.webp,public/images/products/CQ6FS02520.webp,,画像準備中・公式画像へ差替待ち
CQ6FS02610,P48921-B21,HPE,CQ6FS02610.webp,https://8ec.jp/images/products/CQ6FS02610.webp,public/images/products/CQ6FS02610.webp,,画像準備中・公式画像へ差替待ち
CQ6FS38310,826708-B21,HPE,CQ6FS38310.webp,https://8ec.jp/images/products/CQ6FS38310.webp,public/images/products/CQ6FS38310.webp,,画像準備中・公式画像へ差替待ち
CQ6FS02700,P48811-B21,HPE,CQ6FS02700.webp,https://8ec.jp/images/products/CQ6FS02700.webp,public/images/products/CQ6FS02700.webp,,画像準備中・公式画像へ差替待ち
CQ6FS02650,P48809-B21,HPE,CQ6FS02650.webp,https://8ec.jp/images/products/CQ6FS02650.webp,public/images/products/CQ6FS02650.webp,,画像準備中・公式画像へ差替待ち
CQ6FS02680,P48813-B21,HPE,CQ6FS02680.webp,https://8ec.jp/images/products/CQ6FS02680.webp,public/images/products/CQ6FS02680.webp,,画像準備中・公式画像へ差替待ち
CQ6FS02780,P50728-B21,HPE,CQ6FS02780.webp,https://8ec.jp/images/products/CQ6FS02780.webp,public/images/products/CQ6FS02780.webp,,画像準備中・公式画像へ差替待ち
CQ6FS01150,P50450-B21,HPE,CQ6FS01150.webp,https://8ec.jp/images/products/CQ6FS01150.webp,public/images/products/CQ6FS01150.webp,,画像準備中・公式画像へ差替待ち
CQ6FS01180,P52341-B21,HPE,CQ6FS01180.webp,https://8ec.jp/images/products/CQ6FS01180.webp,public/images/products/CQ6FS01180.webp,,画像準備中・公式画像へ差替待ち
CQ6SW05620,BD505A,HPE,CQ6SW05620.webp,https://8ec.jp/images/products/CQ6SW05620.webp,public/images/products/CQ6SW05620.webp,,画像準備中・公式画像へ差替待ち
CQ6FS02070,P55062-B21,HPE,CQ6FS02070.webp,https://8ec.jp/images/products/CQ6FS02070.webp,public/images/products/CQ6FS02070.webp,,画像準備中・公式画像へ差替待ち
CQ6FS42670,845970-B21,HPE,CQ6FS42670.webp,https://8ec.jp/images/products/CQ6FS42670.webp,public/images/products/CQ6FS42670.webp,,画像準備中・公式画像へ差替待ち
CQ6FS08920,716191-B21,HPE,CQ6FS08920.webp,https://8ec.jp/images/products/CQ6FS08920.webp,public/images/products/CQ6FS08920.webp,,画像準備中・公式画像へ差替待ち
CQ6FS12510,716197-B21,HPE,CQ6FS12510.webp,https://8ec.jp/images/products/CQ6FS12510.webp,public/images/products/CQ6FS12510.webp,,画像準備中・公式画像へ差替待ち
CQ6FS43580,P02381-B21,HPE,CQ6FS43580.webp,https://8ec.jp/images/products/CQ6FS43580.webp,public/images/products/CQ6FS43580.webp,,画像準備中・公式画像へ差替待ち
CQ6FS32960,786710-B21,HPE,CQ6FS32960.webp,https://8ec.jp/images/products/CQ6FS32960.webp,public/images/products/CQ6FS32960.webp,,画像準備中・公式画像へ差替待ち
CQ6FS40900,P01366-B21,HPE,CQ6FS40900.webp,https://8ec.jp/images/products/CQ6FS40900.webp,public/images/products/CQ6FS40900.webp,,画像準備中・公式画像へ差替待ち
CQ6FS40910,P01367-B21,HPE,CQ6FS40910.webp,https://8ec.jp/images/products/CQ6FS40910.webp,public/images/products/CQ6FS40910.webp,,画像準備中・公式画像へ差替待ち
CQ6FS38170,864279-B21,HPE,CQ6FS38170.webp,https://8ec.jp/images/products/CQ6FS38170.webp,public/images/products/CQ6FS38170.webp,,画像準備中・公式画像へ差替待ち
CQ6FS38810,875519-B21,HPE,CQ6FS38810.webp,https://8ec.jp/images/products/CQ6FS38810.webp,public/images/products/CQ6FS38810.webp,,画像準備中・公式画像へ差替待ち
CQ6FSS0030,QK733A,HPE,CQ6FSS0030.webp,https://8ec.jp/images/products/CQ6FSS0030.webp,public/images/products/CQ6FSS0030.webp,,画像準備中・公式画像へ差替待ち
CQ6FSS0040,QK734A,HPE,CQ6FSS0040.webp,https://8ec.jp/images/products/CQ6FSS0040.webp,public/images/products/CQ6FSS0040.webp,,画像準備中・公式画像へ差替待ち
CQ6FS50110,P51178-B21,HPE,CQ6FS50110.webp,https://8ec.jp/images/products/CQ6FS50110.webp,public/images/products/CQ6FS50110.webp,,画像準備中・公式画像へ差替待ち
CQ6FS50120,P51181-B21,HPE,CQ6FS50120.webp,https://8ec.jp/images/products/CQ6FS50120.webp,public/images/products/CQ6FS50120.webp,,画像準備中・公式画像へ差替待ち
CQ6FS10950,P26259-B21,HPE,CQ6FS10950.webp,https://8ec.jp/images/products/CQ6FS10950.webp,public/images/products/CQ6FS10950.webp,,画像準備中・公式画像へ差替待ち
CQ6FS10960,P26256-B21,HPE,CQ6FS10960.webp,https://8ec.jp/images/products/CQ6FS10960.webp,public/images/products/CQ6FS10960.webp,,画像準備中・公式画像へ差替待ち
CQ6FS10990,P26253-B21,HPE,CQ6FS10990.webp,https://8ec.jp/images/products/CQ6FS10990.webp,public/images/products/CQ6FS10990.webp,,画像準備中・公式画像へ差替待ち
CQ6SD15011,872479-B21,HPE,CQ6SD15011.webp,https://8ec.jp/images/products/CQ6SD15011.webp,public/images/products/CQ6SD15011.webp,,画像準備中・公式画像へ差替待ち
CQ6B001490,455883-B21,HPE,CQ6B001490.webp,https://8ec.jp/images/products/CQ6B001490.webp,public/images/products/CQ6B001490.webp,,画像準備中・公式画像へ差替待ち
CQ6FS41020,881781-B21,HPE,CQ6FS41020.webp,https://8ec.jp/images/products/CQ6FS41020.webp,public/images/products/CQ6FS41020.webp,,画像準備中・公式画像へ差替待ち
CQ6FS40870,881787-B21,HPE,CQ6FS40870.webp,https://8ec.jp/images/products/CQ6FS40870.webp,public/images/products/CQ6FS40870.webp,,画像準備中・公式画像へ差替待ち
CQ6FS45750,P23449-B21,HPE,CQ6FS45750.webp,https://8ec.jp/images/products/CQ6FS45750.webp,public/images/products/CQ6FS45750.webp,,画像準備中・公式画像へ差替待ち
CQ6FS36760,861686-B21,HPE,CQ6FS36760.webp,https://8ec.jp/images/products/CQ6FS36760.webp,public/images/products/CQ6FS36760.webp,,画像準備中・公式画像へ差替待ち
CQ6FS39900,881457-B21,HPE,CQ6FS39900.webp,https://8ec.jp/images/products/CQ6FS39900.webp,public/images/products/CQ6FS39900.webp,,画像準備中・公式画像へ差替待ち
CQ6FSS4020,861681-K21,HPE,CQ6FSS4020.webp,https://8ec.jp/images/products/CQ6FSS4020.webp,public/images/products/CQ6FSS4020.webp,,画像準備中・公式画像へ差替待ち
CQ6FS36770,861681-B21,HPE,CQ6FS36770.webp,https://8ec.jp/images/products/CQ6FS36770.webp,public/images/products/CQ6FS36770.webp,,画像準備中・公式画像へ差替待ち
CQ6FS36790,861683-B21,HPE,CQ6FS36790.webp,https://8ec.jp/images/products/CQ6FS36790.webp,public/images/products/CQ6FS36790.webp,,画像準備中・公式画像へ差替待ち
CQ6FS34620,801888-B21,HPE,CQ6FS34620.webp,https://8ec.jp/images/products/CQ6FS34620.webp,public/images/products/CQ6FS34620.webp,,画像準備中・公式画像へ差替待ち
CQ6FS36700,834031-B21,HPE,CQ6FS36700.webp,https://8ec.jp/images/products/CQ6FS36700.webp,public/images/products/CQ6FS36700.webp,,画像準備中・公式画像へ差替待ち
CQ6FS36690,834028-B21,HPE,CQ6FS36690.webp,https://8ec.jp/images/products/CQ6FS36690.webp,public/images/products/CQ6FS36690.webp,,画像準備中・公式画像へ差替待ち
CQ6FS46300,P28586-B21,HPE,CQ6FS46300.webp,https://8ec.jp/images/products/CQ6FS46300.webp,public/images/products/CQ6FS46300.webp,,画像準備中・公式画像へ差替待ち
CQ6FS50400,P53562-B21,HPE,CQ6FS50400.webp,https://8ec.jp/images/products/CQ6FS50400.webp,public/images/products/CQ6FS50400.webp,,画像準備中・公式画像へ差替待ち
CQ6FSS6670,P63829-B21,HPE,CQ6FSS6670.webp,https://8ec.jp/images/products/CQ6FSS6670.webp,public/images/products/CQ6FSS6670.webp,,画像準備中・公式画像へ差替待ち
CQ6FS03540,P64844-B21,HPE,CQ6FS03540.webp,https://8ec.jp/images/products/CQ6FS03540.webp,public/images/products/CQ6FS03540.webp,,画像準備中・公式画像へ差替待ち
CQ6FS46740,P40511-B21,HPE,CQ6FS46740.webp,https://8ec.jp/images/products/CQ6FS46740.webp,public/images/products/CQ6FS46740.webp,,画像準備中・公式画像へ差替待ち
CQ6FS46560,P40507-B21,HPE,CQ6FS46560.webp,https://8ec.jp/images/products/CQ6FS46560.webp,public/images/products/CQ6FS46560.webp,,画像準備中・公式画像へ差替待ち
CQ6FS46490,P40504-B21,HPE,CQ6FS46490.webp,https://8ec.jp/images/products/CQ6FS46490.webp,public/images/products/CQ6FS46490.webp,,画像準備中・公式画像へ差替待ち
CQ6FS46420,P40499-B21,HPE,CQ6FS46420.webp,https://8ec.jp/images/products/CQ6FS46420.webp,public/images/products/CQ6FS46420.webp,,画像準備中・公式画像へ差替待ち
CQ6FS46310,P28352-B21,HPE,CQ6FS46310.webp,https://8ec.jp/images/products/CQ6FS46310.webp,public/images/products/CQ6FS46310.webp,,画像準備中・公式画像へ差替待ち
CQ6FS50060,P53553-B21,HPE,CQ6FS50060.webp,https://8ec.jp/images/products/CQ6FS50060.webp,public/images/products/CQ6FS50060.webp,,画像準備中・公式画像へ差替待ち
CQ6FS50040,P53554-B21,HPE,CQ6FS50040.webp,https://8ec.jp/images/products/CQ6FS50040.webp,public/images/products/CQ6FS50040.webp,,画像準備中・公式画像へ差替待ち
CQ6FS12060,P84244-B21,HPE,CQ6FS12060.webp,https://8ec.jp/images/products/CQ6FS12060.webp,public/images/products/CQ6FS12060.webp,,画像準備中・公式画像へ差替待ち
CQ6FS46750,P40512-B21,HPE,CQ6FS46750.webp,https://8ec.jp/images/products/CQ6FS46750.webp,public/images/products/CQ6FS46750.webp,,画像準備中・公式画像へ差替待ち
CQ6FS46500,P40505-B21,HPE,CQ6FS46500.webp,https://8ec.jp/images/products/CQ6FS46500.webp,public/images/products/CQ6FS46500.webp,,画像準備中・公式画像へ差替待ち
CQ6FS46290,P40430-B21,HPE,CQ6FS46290.webp,https://8ec.jp/images/products/CQ6FS46290.webp,public/images/products/CQ6FS46290.webp,,画像準備中・公式画像へ差替待ち
CQ6FS46470,P40502-B21,HPE,CQ6FS46470.webp,https://8ec.jp/images/products/CQ6FS46470.webp,public/images/products/CQ6FS46470.webp,,画像準備中・公式画像へ差替待ち
CQ6FS44090,P18432-B21,HPE,CQ6FS44090.webp,https://8ec.jp/images/products/CQ6FS44090.webp,public/images/products/CQ6FS44090.webp,,画像準備中・公式画像へ差替待ち
CQ6FS49490,P49057-B21,HPE,CQ6FS49490.webp,https://8ec.jp/images/products/CQ6FS49490.webp,public/images/products/CQ6FS49490.webp,,画像準備中・公式画像へ差替待ち
CQ6FS50390,P53561-B21,HPE,CQ6FS50390.webp,https://8ec.jp/images/products/CQ6FS50390.webp,public/images/products/CQ6FS50390.webp,,画像準備中・公式画像へ差替待ち
CQ6FS46440,P40501-B21,HPE,CQ6FS46440.webp,https://8ec.jp/images/products/CQ6FS46440.webp,public/images/products/CQ6FS46440.webp,,画像準備中・公式画像へ差替待ち
CQ6FS49460,P49047-B21,HPE,CQ6FS49460.webp,https://8ec.jp/images/products/CQ6FS49460.webp,public/images/products/CQ6FS49460.webp,,画像準備中・公式画像へ差替待ち
CQ6FS46730,P40510-B21,HPE,CQ6FS46730.webp,https://8ec.jp/images/products/CQ6FS46730.webp,public/images/products/CQ6FS46730.webp,,画像準備中・公式画像へ差替待ち
CQ6FS46480,P40503-B21,HPE,CQ6FS46480.webp,https://8ec.jp/images/products/CQ6FS46480.webp,public/images/products/CQ6FS46480.webp,,画像準備中・公式画像へ差替待ち
CQ6FS48700,P47808-B21,HPE,CQ6FS48700.webp,https://8ec.jp/images/products/CQ6FS48700.webp,public/images/products/CQ6FS48700.webp,,画像準備中・公式画像へ差替待ち
CQ6FS46410,P40498-B21,HPE,CQ6FS46410.webp,https://8ec.jp/images/products/CQ6FS46410.webp,public/images/products/CQ6FS46410.webp,,画像準備中・公式画像へ差替待ち
CQ6FS44050,P18424-B21,HPE,CQ6FS44050.webp,https://8ec.jp/images/products/CQ6FS44050.webp,public/images/products/CQ6FS44050.webp,,画像準備中・公式画像へ差替待ち
CQ6FS01240,P48183-B21,HPE,CQ6FS01240.webp,https://8ec.jp/images/products/CQ6FS01240.webp,public/images/products/CQ6FS01240.webp,,画像準備中・公式画像へ差替待ち
CQ6FSS4730,R2E08A,HPE,CQ6FSS4730.webp,https://8ec.jp/images/products/CQ6FSS4730.webp,public/images/products/CQ6FSS4730.webp,,画像準備中・公式画像へ差替待ち
CQ6FSS4740,R2E09A,HPE,CQ6FSS4740.webp,https://8ec.jp/images/products/CQ6FSS4740.webp,public/images/products/CQ6FSS4740.webp,,画像準備中・公式画像へ差替待ち
CQ6FS04040,P64336-B21,HPE,CQ6FS04040.webp,https://8ec.jp/images/products/CQ6FS04040.webp,public/images/products/CQ6FS04040.webp,,画像準備中・公式画像へ差替待ち
CQ6FS03060,P43322-B21,HPE,CQ6FS03060.webp,https://8ec.jp/images/products/CQ6FS03060.webp,public/images/products/CQ6FS03060.webp,,画像準備中・公式画像へ差替待ち
CQ6FS43290,P00924-B21,HPE,CQ6FS43290.webp,https://8ec.jp/images/products/CQ6FS43290.webp,public/images/products/CQ6FS43290.webp,,画像準備中・公式画像へ差替待ち
CQ6FS48220,P06033-B21,HPE,CQ6FS48220.webp,https://8ec.jp/images/products/CQ6FS48220.webp,public/images/products/CQ6FS48220.webp,,画像準備中・公式画像へ差替待ち
CQ6FS04050,P64339-B21,HPE,CQ6FS04050.webp,https://8ec.jp/images/products/CQ6FS04050.webp,public/images/products/CQ6FS04050.webp,,画像準備中・公式画像へ差替待ち
CQ6FS03070,P43328-B21,HPE,CQ6FS03070.webp,https://8ec.jp/images/products/CQ6FS03070.webp,public/images/products/CQ6FS03070.webp,,画像準備中・公式画像へ差替待ち
CQ6FS04080,P64706-B21,HPE,CQ6FS04080.webp,https://8ec.jp/images/products/CQ6FS04080.webp,public/images/products/CQ6FS04080.webp,,画像準備中・公式画像へ差替待ち
CQ6FS05670,P69727-B21,HPE,CQ6FS05670.webp,https://8ec.jp/images/products/CQ6FS05670.webp,public/images/products/CQ6FS05670.webp,,画像準備中・公式画像へ差替待ち
CQ6FS04090,P64707-B21,HPE,CQ6FS04090.webp,https://8ec.jp/images/products/CQ6FS04090.webp,public/images/products/CQ6FS04090.webp,,画像準備中・公式画像へ差替待ち
CQ6FS13090,726536-B21,HPE,CQ6FS13090.webp,https://8ec.jp/images/products/CQ6FS13090.webp,public/images/products/CQ6FS13090.webp,,画像準備中・公式画像へ差替待ち
CQ6FS13100,726537-B21,HPE,CQ6FS13100.webp,https://8ec.jp/images/products/CQ6FS13100.webp,public/images/products/CQ6FS13100.webp,,画像準備中・公式画像へ差替待ち
CQ6FS32540,701498-B21,HPE,CQ6FS32540.webp,https://8ec.jp/images/products/CQ6FS32540.webp,public/images/products/CQ6FS32540.webp,,画像準備中・公式画像へ差替待ち
CQ6FS09630,P15995-B21,HPE,CQ6FS09630.webp,https://8ec.jp/images/products/CQ6FS09630.webp,public/images/products/CQ6FS09630.webp,,画像準備中・公式画像へ差替待ち
CQ6FS43170,P02580-B21,HPE,CQ6FS43170.webp,https://8ec.jp/images/products/CQ6FS43170.webp,public/images/products/CQ6FS43170.webp,,画像準備中・公式画像へ差替待ち
CQ6FS02990,P49610-B21,HPE,CQ6FS02990.webp,https://8ec.jp/images/products/CQ6FS02990.webp,public/images/products/CQ6FS02990.webp,,画像準備中・公式画像へ差替待ち
CQ6FS04260,P67090-B21,HPE,CQ6FS04260.webp,https://8ec.jp/images/products/CQ6FS04260.webp,public/images/products/CQ6FS04260.webp,,画像準備中・公式画像へ差替待ち
CQ6FS04270,P67092-B21,HPE,CQ6FS04270.webp,https://8ec.jp/images/products/CQ6FS04270.webp,public/images/products/CQ6FS04270.webp,,画像準備中・公式画像へ差替待ち
CQ6FS01360,P03178-B21,HPE,CQ6FS01360.webp,https://8ec.jp/images/products/CQ6FS01360.webp,public/images/products/CQ6FS01360.webp,,画像準備中・公式画像へ差替待ち
CQ6FS38490,865408-B21,HPE,CQ6FS38490.webp,https://8ec.jp/images/products/CQ6FS38490.webp,public/images/products/CQ6FS38490.webp,,画像準備中・公式画像へ差替待ち
CQ6FS47450,P38995-B21,HPE,CQ6FS47450.webp,https://8ec.jp/images/products/CQ6FS47450.webp,public/images/products/CQ6FS47450.webp,,画像準備中・公式画像へ差替待ち
CQ6FS05610,A0K02A,HPE,CQ6FS05610.webp,https://8ec.jp/images/products/CQ6FS05610.webp,public/images/products/CQ6FS05610.webp,,画像準備中・公式画像へ差替待ち
CQ6FS03270,P49984-B21,HPE,CQ6FS03270.webp,https://8ec.jp/images/products/CQ6FS03270.webp,public/images/products/CQ6FS03270.webp,,画像準備中・公式画像へ差替待ち
CQ6FS02130,P47219-B21,HPE,CQ6FS02130.webp,https://8ec.jp/images/products/CQ6FS02130.webp,public/images/products/CQ6FS02130.webp,,画像準備中・公式画像へ差替待ち
CQ6FSS5320,R0Q47A,HPE,CQ6FSS5320.webp,https://8ec.jp/images/products/CQ6FSS5320.webp,public/images/products/CQ6FSS5320.webp,,画像準備中・公式画像へ差替待ち
CQ6FSS6260,P35174-B21,HPE,CQ6FSS6260.webp,https://8ec.jp/images/products/CQ6FSS6260.webp,public/images/products/CQ6FSS6260.webp,,画像準備中・公式画像へ差替待ち
CQ6FS03940,P65418-B21,HPE,CQ6FS03940.webp,https://8ec.jp/images/products/CQ6FS03940.webp,public/images/products/CQ6FS03940.webp,,画像準備中・公式画像へ差替待ち
CQ6FS03970,P65412-B21,HPE,CQ6FS03970.webp,https://8ec.jp/images/products/CQ6FS03970.webp,public/images/products/CQ6FS03970.webp,,画像準備中・公式画像へ差替待ち
CQ6FS03910,P65406-B21,HPE,CQ6FS03910.webp,https://8ec.jp/images/products/CQ6FS03910.webp,public/images/products/CQ6FS03910.webp,,画像準備中・公式画像へ差替待ち
CQ6FS04010,P65416-B21,HPE,CQ6FS04010.webp,https://8ec.jp/images/products/CQ6FS04010.webp,public/images/products/CQ6FS04010.webp,,画像準備中・公式画像へ差替待ち
CQ6FS03960,P65411-B21,HPE,CQ6FS03960.webp,https://8ec.jp/images/products/CQ6FS03960.webp,public/images/products/CQ6FS03960.webp,,画像準備中・公式画像へ差替待ち
CQ6FS03920,P65407-B21,HPE,CQ6FS03920.webp,https://8ec.jp/images/products/CQ6FS03920.webp,public/images/products/CQ6FS03920.webp,,画像準備中・公式画像へ差替待ち
CQ6FS03950,P65410-B21,HPE,CQ6FS03950.webp,https://8ec.jp/images/products/CQ6FS03950.webp,public/images/products/CQ6FS03950.webp,,画像準備中・公式画像へ差替待ち
CQ6FS02380,P52780-B21,HPE,CQ6FS02380.webp,https://8ec.jp/images/products/CQ6FS02380.webp,public/images/products/CQ6FS02380.webp,,画像準備中・公式画像へ差替待ち
CQ6FS02340,P54641-B21,HPE,CQ6FS02340.webp,https://8ec.jp/images/products/CQ6FS02340.webp,public/images/products/CQ6FS02340.webp,,画像準備中・公式画像へ差替待ち
CQ6FS02580,P52416-B21,HPE,CQ6FS02580.webp,https://8ec.jp/images/products/CQ6FS02580.webp,public/images/products/CQ6FS02580.webp,,画像準備中・公式画像へ差替待ち
CQ6FS02570,P48913-B21,HPE,CQ6FS02570.webp,https://8ec.jp/images/products/CQ6FS02570.webp,public/images/products/CQ6FS02570.webp,,画像準備中・公式画像へ差替待ち
CQ6FS47600,P26475-B21,HPE,CQ6FS47600.webp,https://8ec.jp/images/products/CQ6FS47600.webp,public/images/products/CQ6FS47600.webp,,画像準備中・公式画像へ差替待ち
CQ6FS02900,P56995-B21,HPE,CQ6FS02900.webp,https://8ec.jp/images/products/CQ6FS02900.webp,public/images/products/CQ6FS02900.webp,,画像準備中・公式画像へ差替待ち
CQ6FS02180,P51911-B21,HPE,CQ6FS02180.webp,https://8ec.jp/images/products/CQ6FS02180.webp,public/images/products/CQ6FS02180.webp,,画像準備中・公式画像へ差替待ち
CQ6FS02190,P48830-B21,HPE,CQ6FS02190.webp,https://8ec.jp/images/products/CQ6FS02190.webp,public/images/products/CQ6FS02190.webp,,画像準備中・公式画像へ差替待ち
CQ6FS03260,P53489-B21,HPE,CQ6FS03260.webp,https://8ec.jp/images/products/CQ6FS03260.webp,public/images/products/CQ6FS03260.webp,,画像準備中・公式画像へ差替待ち
CQ6FS50360,P57104-B21,HPE,CQ6FS50360.webp,https://8ec.jp/images/products/CQ6FS50360.webp,public/images/products/CQ6FS50360.webp,,画像準備中・公式画像へ差替待ち
CQ6FS03900,P65741-B21,HPE,CQ6FS03900.webp,https://8ec.jp/images/products/CQ6FS03900.webp,public/images/products/CQ6FS03900.webp,,画像準備中・公式画像へ差替待ち
CQ6FS03850,P65102-B21,HPE,CQ6FS03850.webp,https://8ec.jp/images/products/CQ6FS03850.webp,public/images/products/CQ6FS03850.webp,,画像準備中・公式画像へ差替待ち
CQ6FS03860,P65104-B21,HPE,CQ6FS03860.webp,https://8ec.jp/images/products/CQ6FS03860.webp,public/images/products/CQ6FS03860.webp,,画像準備中・公式画像へ差替待ち
CQ6FS03880,P67850-B21,HPE,CQ6FS03880.webp,https://8ec.jp/images/products/CQ6FS03880.webp,public/images/products/CQ6FS03880.webp,,画像準備中・公式画像へ差替待ち
CQ6FSS6810,S3Y23A,HPE,CQ6FSS6810.webp,https://8ec.jp/images/products/CQ6FSS6810.webp,public/images/products/CQ6FSS6810.webp,,画像準備中・公式画像へ差替待ち
CQ6FS42940,Q6M30A,HPE,CQ6FS42940.webp,https://8ec.jp/images/products/CQ6FS42940.webp,public/images/products/CQ6FS42940.webp,,画像準備中・公式画像へ差替待ち
CQ6FS02470,P48927-B21,HPE,CQ6FS02470.webp,https://8ec.jp/images/products/CQ6FS02470.webp,public/images/products/CQ6FS02470.webp,,画像準備中・公式画像へ差替待ち
CQ6FS02640,P48819-B21,HPE,CQ6FS02640.webp,https://8ec.jp/images/products/CQ6FS02640.webp,public/images/products/CQ6FS02640.webp,,画像準備中・公式画像へ差替待ち
CQ6SWS2840,P45863-291,HPE,CQ6SWS2840.webp,https://8ec.jp/images/products/CQ6SWS2840.webp,public/images/products/CQ6SWS2840.webp,,画像準備中・公式画像へ差替待ち
CQ6SW09870,P77127-291,HPE,CQ6SW09870.webp,https://8ec.jp/images/products/CQ6SW09870.webp,public/images/products/CQ6SW09870.webp,,画像準備中・公式画像へ差替待ち
CQ6SW09860,P77126-291,HPE,CQ6SW09860.webp,https://8ec.jp/images/products/CQ6SW09860.webp,public/images/products/CQ6SW09860.webp,,画像準備中・公式画像へ差替待ち
CQ6SW09820,P77103-291,HPE,CQ6SW09820.webp,https://8ec.jp/images/products/CQ6SW09820.webp,public/images/products/CQ6SW09820.webp,,画像準備中・公式画像へ差替待ち
CQ6SW09930,P77107-B21,HPE,CQ6SW09930.webp,https://8ec.jp/images/products/CQ6SW09930.webp,public/images/products/CQ6SW09930.webp,,画像準備中・公式画像へ差替待ち
CQ6SW09840,P77101-291,HPE,CQ6SW09840.webp,https://8ec.jp/images/products/CQ6SW09840.webp,public/images/products/CQ6SW09840.webp,,画像準備中・公式画像へ差替待ち
CQ6SW09900,P77104-B21,HPE,CQ6SW09900.webp,https://8ec.jp/images/products/CQ6SW09900.webp,public/images/products/CQ6SW09900.webp,,画像準備中・公式画像へ差替待ち
CQ6SW09830,P77100-291,HPE,CQ6SW09830.webp,https://8ec.jp/images/products/CQ6SW09830.webp,public/images/products/CQ6SW09830.webp,,画像準備中・公式画像へ差替待ち
CQ6SW09920,P77108-B21,HPE,CQ6SW09920.webp,https://8ec.jp/images/products/CQ6SW09920.webp,public/images/products/CQ6SW09920.webp,,画像準備中・公式画像へ差替待ち
CQ6SWS2810,P46171-371,HPE,CQ6SWS2810.webp,https://8ec.jp/images/products/CQ6SWS2810.webp,public/images/products/CQ6SWS2810.webp,,画像準備中・公式画像へ差替待ち
CQ6SWS2900,P46195-B21,HPE,CQ6SWS2900.webp,https://8ec.jp/images/products/CQ6SWS2900.webp,public/images/products/CQ6SWS2900.webp,,画像準備中・公式画像へ差替待ち
CQ6FS01620,512485-B21,HPE,CQ6FS01620.webp,https://8ec.jp/images/products/CQ6FS01620.webp,public/images/products/CQ6FS01620.webp,,画像準備中・公式画像へ差替待ち
CQ6SW09990,P77115-B21,HPE,CQ6SW09990.webp,https://8ec.jp/images/products/CQ6SW09990.webp,public/images/products/CQ6SW09990.webp,,画像準備中・公式画像へ差替待ち
CQ6SW09980,P77114-B21,HPE,CQ6SW09980.webp,https://8ec.jp/images/products/CQ6SW09980.webp,public/images/products/CQ6SW09980.webp,,画像準備中・公式画像へ差替待ち
CQ6SW09950,P77111-B21,HPE,CQ6SW09950.webp,https://8ec.jp/images/products/CQ6SW09950.webp,public/images/products/CQ6SW09950.webp,,画像準備中・公式画像へ差替待ち
CQ6SW09940,P77110-B21,HPE,CQ6SW09940.webp,https://8ec.jp/images/products/CQ6SW09940.webp,public/images/products/CQ6SW09940.webp,,画像準備中・公式画像へ差替待ち
CQ6SW10010,P77117-B21,HPE,CQ6SW10010.webp,https://8ec.jp/images/products/CQ6SW10010.webp,public/images/products/CQ6SW10010.webp,,画像準備中・公式画像へ差替待ち
CQ6SW10000,P77116-B21,HPE,CQ6SW10000.webp,https://8ec.jp/images/products/CQ6SW10000.webp,public/images/products/CQ6SW10000.webp,,画像準備中・公式画像へ差替待ち
CQ6SW09970,P77113-B21,HPE,CQ6SW09970.webp,https://8ec.jp/images/products/CQ6SW09970.webp,public/images/products/CQ6SW09970.webp,,画像準備中・公式画像へ差替待ち
CQ6SW09960,P77112-B21,HPE,CQ6SW09960.webp,https://8ec.jp/images/products/CQ6SW09960.webp,public/images/products/CQ6SW09960.webp,,画像準備中・公式画像へ差替待ち
CQ6SW10020,P77118-B21,HPE,CQ6SW10020.webp,https://8ec.jp/images/products/CQ6SW10020.webp,public/images/products/CQ6SW10020.webp,,画像準備中・公式画像へ差替待ち
CQ6SW10050,P77121-B21,HPE,CQ6SW10050.webp,https://8ec.jp/images/products/CQ6SW10050.webp,public/images/products/CQ6SW10050.webp,,画像準備中・公式画像へ差替待ち
CQ6SW10040,P77120-B21,HPE,CQ6SW10040.webp,https://8ec.jp/images/products/CQ6SW10040.webp,public/images/products/CQ6SW10040.webp,,画像準備中・公式画像へ差替待ち
CQ6SWS2990,P46220-B21,HPE,CQ6SWS2990.webp,https://8ec.jp/images/products/CQ6SWS2990.webp,public/images/products/CQ6SWS2990.webp,,画像準備中・公式画像へ差替待ち
CQ6FSS3840,C8R24B,HPE,CQ6FSS3840.webp,https://8ec.jp/images/products/CQ6FSS3840.webp,public/images/products/CQ6FSS3840.webp,,画像準備中・公式画像へ差替待ち
CQ6FS42460,782961-B21,HPE,CQ6FS42460.webp,https://8ec.jp/images/products/CQ6FS42460.webp,public/images/products/CQ6FS42460.webp,,画像準備中・公式画像へ差替待ち
CQ6FSS6920,P84149-B25,HPE,CQ6FSS6920.webp,https://8ec.jp/images/products/CQ6FSS6920.webp,public/images/products/CQ6FSS6920.webp,,画像準備中・公式画像へ差替待ち
CQ6FS04760,P77037-B25,HPE,CQ6FS04760.webp,https://8ec.jp/images/products/CQ6FS04760.webp,public/images/products/CQ6FS04760.webp,,画像準備中・公式画像へ差替待ち
CQ6SD15640,Q2015A,HPE,CQ6SD15640.webp,https://8ec.jp/images/products/CQ6SD15640.webp,public/images/products/CQ6SD15640.webp,,画像準備中・公式画像へ差替待ち
CQ6SD15750,Q6Q64A,HPE,CQ6SD15750.webp,https://8ec.jp/images/products/CQ6SD15750.webp,public/images/products/CQ6SD15750.webp,,画像準備中・公式画像へ差替待ち
CQ6SD15880,BC029A,HPE,CQ6SD15880.webp,https://8ec.jp/images/products/CQ6SD15880.webp,public/images/products/CQ6SD15880.webp,,画像準備中・公式画像へ差替待ち
CQ6SD11540,C7975A,HPE,CQ6SD11540.webp,https://8ec.jp/images/products/CQ6SD11540.webp,public/images/products/CQ6SD11540.webp,,画像準備中・公式画像へ差替待ち
CQ6SD00230,C7978A,HPE,CQ6SD00230.webp,https://8ec.jp/images/products/CQ6SD00230.webp,public/images/products/CQ6SD00230.webp,,画像準備中・公式画像へ差替待ち
CQ6FSS2930,C7977A,HPE,CQ6FSS2930.webp,https://8ec.jp/images/products/CQ6FSS2930.webp,public/images/products/CQ6FSS2930.webp,,画像準備中・公式画像へ差替待ち
CQ6SD15610,Q2078A,HPE,CQ6SD15610.webp,https://8ec.jp/images/products/CQ6SD15610.webp,public/images/products/CQ6SD15610.webp,,画像準備中・公式画像へ差替待ち
CQ6FSS6220,Q2079AN,HPE,CQ6FSS6220.webp,https://8ec.jp/images/products/CQ6FSS6220.webp,public/images/products/CQ6FSS6220.webp,,画像準備中・公式画像へ差替待ち
CQ6FSS6200,Q2079A,HPE,CQ6FSS6200.webp,https://8ec.jp/images/products/CQ6FSS6200.webp,public/images/products/CQ6FSS6200.webp,,画像準備中・公式画像へ差替待ち
CQ6S133260,AK379B,HPE,CQ6S133260.webp,https://8ec.jp/images/products/CQ6S133260.webp,public/images/products/CQ6S133260.webp,,画像準備中・公式画像へ差替待ち
CQ6FSS6900,P84148-B25,HPE,CQ6FSS6900.webp,https://8ec.jp/images/products/CQ6FSS6900.webp,public/images/products/CQ6FSS6900.webp,,画像準備中・公式画像へ差替待ち
CQ6SD14170,BB874A#ABJ,HPE,CQ6SD14170.webp,https://8ec.jp/images/products/CQ6SD14170.webp,public/images/products/CQ6SD14170.webp,,画像準備中・公式画像へ差替待ち
CQ6FS04720,P77033-B25,HPE,CQ6FS04720.webp,https://8ec.jp/images/products/CQ6FS04720.webp,public/images/products/CQ6FS04720.webp,,画像準備中・公式画像へ差替待ち
CQ6SD15600,BC023A#ABJ,HPE,CQ6SD15600.webp,https://8ec.jp/images/products/CQ6SD15600.webp,public/images/products/CQ6SD15600.webp,,画像準備中・公式画像へ差替待ち
CQ6S132600,BC040A,HPE,CQ6S132600.webp,https://8ec.jp/images/products/CQ6S132600.webp,public/images/products/CQ6S132600.webp,,画像準備中・公式画像へ差替待ち
CQ6FS02620,P48905-B21,HPE,CQ6FS02620.webp,https://8ec.jp/images/products/CQ6FS02620.webp,public/images/products/CQ6FS02620.webp,,画像準備中・公式画像へ差替待ち
CQ6FS02920,P49145-B21,HPE,CQ6FS02920.webp,https://8ec.jp/images/products/CQ6FS02920.webp,public/images/products/CQ6FS02920.webp,,画像準備中・公式画像へ差替待ち
CQ6FS02930,P49146-B21,HPE,CQ6FS02930.webp,https://8ec.jp/images/products/CQ6FS02930.webp,public/images/products/CQ6FS02930.webp,,画像準備中・公式画像へ差替待ち
CQ6FS02220,P48904-B21,HPE,CQ6FS02220.webp,https://8ec.jp/images/products/CQ6FS02220.webp,public/images/products/CQ6FS02220.webp,,画像準備中・公式画像へ差替待ち
CQ6FS02240,P48908-B21,HPE,CQ6FS02240.webp,https://8ec.jp/images/products/CQ6FS02240.webp,public/images/products/CQ6FS02240.webp,,画像準備中・公式画像へ差替待ち
CQ6FS02210,P54697-B21,HPE,CQ6FS02210.webp,https://8ec.jp/images/products/CQ6FS02210.webp,public/images/products/CQ6FS02210.webp,,画像準備中・公式画像へ差替待ち
CQ6FS02970,P48820-B21,HPE,CQ6FS02970.webp,https://8ec.jp/images/products/CQ6FS02970.webp,public/images/products/CQ6FS02970.webp,,画像準備中・公式画像へ差替待ち
CQ6FS03890,P65106-B21,HPE,CQ6FS03890.webp,https://8ec.jp/images/products/CQ6FS03890.webp,public/images/products/CQ6FS03890.webp,,画像準備中・公式画像へ差替待ち
CQ6FS02110,P47223-B21,HPE,CQ6FS02110.webp,https://8ec.jp/images/products/CQ6FS02110.webp,public/images/products/CQ6FS02110.webp,,画像準備中・公式画像へ差替待ち
CQ6FS02150,P47902-B21,HPE,CQ6FS02150.webp,https://8ec.jp/images/products/CQ6FS02150.webp,public/images/products/CQ6FS02150.webp,,画像準備中・公式画像へ差替待ち
CQ6FSS5270,R0Q55A,HPE,CQ6FSS5270.webp,https://8ec.jp/images/products/CQ6FSS5270.webp,public/images/products/CQ6FSS5270.webp,,画像準備中・公式画像へ差替待ち
CQ6FSS5430,R0Q65A,HPE,CQ6FSS5430.webp,https://8ec.jp/images/products/CQ6FSS5430.webp,public/images/products/CQ6FSS5430.webp,,画像準備中・公式画像へ差替待ち
CQ6FSS5280,R0Q56A,HPE,CQ6FSS5280.webp,https://8ec.jp/images/products/CQ6FSS5280.webp,public/images/products/CQ6FSS5280.webp,,画像準備中・公式画像へ差替待ち
CQ6FSS5440,R0Q66A,HPE,CQ6FSS5440.webp,https://8ec.jp/images/products/CQ6FSS5440.webp,public/images/products/CQ6FSS5440.webp,,画像準備中・公式画像へ差替待ち
CQ6FSS5420,R3U73A,HPE,CQ6FSS5420.webp,https://8ec.jp/images/products/CQ6FSS5420.webp,public/images/products/CQ6FSS5420.webp,,画像準備中・公式画像へ差替待ち
CQ6FS41670,Q1F47A,HPE,CQ6FS41670.webp,https://8ec.jp/images/products/CQ6FS41670.webp,public/images/products/CQ6FS41670.webp,,画像準備中・公式画像へ差替待ち
CQ6FS14220,AF642A,HPE,CQ6FS14220.webp,https://8ec.jp/images/products/CQ6FS14220.webp,public/images/products/CQ6FS14220.webp,,画像準備中・公式画像へ差替待ち
CQ6R902780,361591-B21,HPE,CQ6R902780.webp,https://8ec.jp/images/products/CQ6R902780.webp,public/images/products/CQ6R902780.webp,,画像準備中・公式画像へ差替待ち
CQ6FS07880,BW961A,HPE,CQ6FS07880.webp,https://8ec.jp/images/products/CQ6FS07880.webp,public/images/products/CQ6FS07880.webp,,画像準備中・公式画像へ差替待ち
CQ6FS47480,P26489-B21,HPE,CQ6FS47480.webp,https://8ec.jp/images/products/CQ6FS47480.webp,public/images/products/CQ6FS47480.webp,,画像準備中・公式画像へ差替待ち
CQ6R081270,BW932A,HPE,CQ6R081270.webp,https://8ec.jp/images/products/CQ6R081270.webp,public/images/products/CQ6R081270.webp,,画像準備中・公式画像へ差替待ち
CQ6FS42690,Q9V02A,HPE,CQ6FS42690.webp,https://8ec.jp/images/products/CQ6FS42690.webp,public/images/products/CQ6FS42690.webp,,画像準備中・公式画像へ差替待ち
CQ6FS07820,BW928A,HPE,CQ6FS07820.webp,https://8ec.jp/images/products/CQ6FS07820.webp,public/images/products/CQ6FS07820.webp,,画像準備中・公式画像へ差替待ち
CQ6R901460,253449-B21,HPE,CQ6R901460.webp,https://8ec.jp/images/products/CQ6R901460.webp,public/images/products/CQ6R901460.webp,,画像準備中・公式画像へ差替待ち
CQ6FS32300,H6J85A,HPE,CQ6FS32300.webp,https://8ec.jp/images/products/CQ6FS32300.webp,public/images/products/CQ6FS32300.webp,,画像準備中・公式画像へ差替待ち
CQ6FS42710,Q9V01A,HPE,CQ6FS42710.webp,https://8ec.jp/images/products/CQ6FS42710.webp,public/images/products/CQ6FS42710.webp,,画像準備中・公式画像へ差替待ち
MK31040640,WAPM-AX8R,バッファロー,MK31040640.webp,https://8ec.jp/images/products/MK31040640.webp,public/images/products/MK31040640.webp,,画像準備中・公式画像へ差替待ち
MK31041860,WAPM-AX4R,バッファロー,MK31041860.webp,https://8ec.jp/images/products/MK31041860.webp,public/images/products/MK31041860.webp,,画像準備中・公式画像へ差替待ち
MK31038030,WAPM-1266WDPRA,バッファロー,MK31038030.webp,https://8ec.jp/images/products/MK31038030.webp,public/images/products/MK31038030.webp,,画像準備中・公式画像へ差替待ち
MK31033130,WAPM-1266WDPR,バッファロー,MK31033130.webp,https://8ec.jp/images/products/MK31033130.webp,public/images/products/MK31033130.webp,,画像準備中・公式画像へ差替待ち
MK31043190,WAPM-AXETR,バッファロー,MK31043190.webp,https://8ec.jp/images/products/MK31043190.webp,public/images/products/MK31043190.webp,,画像準備中・公式画像へ差替待ち
MK31043360,WAPS-AX4,バッファロー,MK31043360.webp,https://8ec.jp/images/products/MK31043360.webp,public/images/products/MK31043360.webp,,画像準備中・公式画像へ差替待ち
MK31036590,BS-GSL2005P,バッファロー,MK31036590.webp,https://8ec.jp/images/products/MK31036590.webp,public/images/products/MK31036590.webp,,画像準備中・公式画像へ差替待ち
MK31038830,BS-GU2105P,バッファロー,MK31038830.webp,https://8ec.jp/images/products/MK31038830.webp,public/images/products/MK31038830.webp,,画像準備中・公式画像へ差替待ち
MK31036550,BS-GSL2005,バッファロー,MK31036550.webp,https://8ec.jp/images/products/MK31036550.webp,public/images/products/MK31036550.webp,,画像準備中・公式画像へ差替待ち
MK31038050,BS-GU2105,バッファロー,MK31038050.webp,https://8ec.jp/images/products/MK31038050.webp,public/images/products/MK31038050.webp,,画像準備中・公式画像へ差替待ち
MK31028200,BS-GS2008P,バッファロー,MK31028200.webp,https://8ec.jp/images/products/MK31028200.webp,public/images/products/MK31028200.webp,,画像準備中・公式画像へ差替待ち
MK31036600,BS-GSL2008P,バッファロー,MK31036600.webp,https://8ec.jp/images/products/MK31036600.webp,public/images/products/MK31036600.webp,,画像準備中・公式画像へ差替待ち
MK31038840,BS-GU2108P,バッファロー,MK31038840.webp,https://8ec.jp/images/products/MK31038840.webp,public/images/products/MK31038840.webp,,画像準備中・公式画像へ差替待ち
MK31036560,BS-GSL2008,バッファロー,MK31036560.webp,https://8ec.jp/images/products/MK31036560.webp,public/images/products/MK31036560.webp,,画像準備中・公式画像へ差替待ち
MK31011550,BS-G2108UR-TP,バッファロー,MK31011550.webp,https://8ec.jp/images/products/MK31011550.webp,public/images/products/MK31011550.webp,,画像準備中・公式画像へ差替待ち
MK31038040,BS-GU2108,バッファロー,MK31038040.webp,https://8ec.jp/images/products/MK31038040.webp,public/images/products/MK31038040.webp,,画像準備中・公式画像へ差替待ち
MK31035130,BS-GS2016P/HP,バッファロー,MK31035130.webp,https://8ec.jp/images/products/MK31035130.webp,public/images/products/MK31035130.webp,,画像準備中・公式画像へ差替待ち
MK31036610,BS-GSL2016P,バッファロー,MK31036610.webp,https://8ec.jp/images/products/MK31036610.webp,public/images/products/MK31036610.webp,,画像準備中・公式画像へ差替待ち
MK31042770,BS-GS2116,バッファロー,MK31042770.webp,https://8ec.jp/images/products/MK31042770.webp,public/images/products/MK31042770.webp,,画像準備中・公式画像へ差替待ち
MK31036570,BS-GSL2016,バッファロー,MK31036570.webp,https://8ec.jp/images/products/MK31036570.webp,public/images/products/MK31036570.webp,,画像準備中・公式画像へ差替待ち
MK31042800,BS-GU2216,バッファロー,MK31042800.webp,https://8ec.jp/images/products/MK31042800.webp,public/images/products/MK31042800.webp,,画像準備中・公式画像へ差替待ち
MK31044450,BS-GS2124P,バッファロー,MK31044450.webp,https://8ec.jp/images/products/MK31044450.webp,public/images/products/MK31044450.webp,,画像準備中・公式画像へ差替待ち
MK31044440,BS-GS2124,バッファロー,MK31044440.webp,https://8ec.jp/images/products/MK31044440.webp,public/images/products/MK31044440.webp,,画像準備中・公式画像へ差替待ち
MK31044260,BS-GU2224,バッファロー,MK31044260.webp,https://8ec.jp/images/products/MK31044260.webp,public/images/products/MK31044260.webp,,画像準備中・公式画像へ差替待ち
MK31042810,BS-GU2216P,バッファロー,MK31042810.webp,https://8ec.jp/images/products/MK31042810.webp,public/images/products/MK31042810.webp,,画像準備中・公式画像へ差替待ち
MK31042560,BS-GS2108,バッファロー,MK31042560.webp,https://8ec.jp/images/products/MK31042560.webp,public/images/products/MK31042560.webp,,画像準備中・公式画像へ差替待ち
MK31042780,BS-GS2116P,バッファロー,MK31042780.webp,https://8ec.jp/images/products/MK31042780.webp,public/images/products/MK31042780.webp,,画像準備中・公式画像へ差替待ち
MK31042160,BS-GUL2008PT,バッファロー,MK31042160.webp,https://8ec.jp/images/products/MK31042160.webp,public/images/products/MK31042160.webp,,画像準備中・公式画像へ差替待ち
MK31042170,BS-GUL2016PT,バッファロー,MK31042170.webp,https://8ec.jp/images/products/MK31042170.webp,public/images/products/MK31042170.webp,,画像準備中・公式画像へ差替待ち
MK31041430,VR-U500X,バッファロー,MK31041430.webp,https://8ec.jp/images/products/MK31041430.webp,public/images/products/MK31041430.webp,,画像準備中・公式画像へ差替待ち
MK31041440,VR-U300W,バッファロー,MK31041440.webp,https://8ec.jp/images/products/MK31041440.webp,public/images/products/MK31041440.webp,,画像準備中・公式画像へ差替待ち
IB1PP86710,4X20M26271,レノボ・ジャパン,IB1PP86710.webp,https://8ec.jp/images/products/IB1PP86710.webp,public/images/products/IB1PP86710.webp,,画像準備中・公式画像へ差替待ち
IB1PP94650,12N9GAR1JP,レノボ・ジャパン,IB1PP94650.webp,https://8ec.jp/images/products/IB1PP94650.webp,public/images/products/IB1PP94650.webp,,画像準備中・公式画像へ差替待ち
IB1PP95630,40B90100JP,レノボ・ジャパン,IB1PP95630.webp,https://8ec.jp/images/products/IB1PP95630.webp,public/images/products/IB1PP95630.webp,,画像準備中・公式画像へ差替待ち
IB1L009690,83NV001QJP,レノボ・ジャパン,IB1L009690.webp,https://8ec.jp/images/products/IB1L009690.webp,public/images/products/IB1L009690.webp,,画像準備中・公式画像へ差替待ち
IB1L020810,83GU00EFJP,レノボ・ジャパン,IB1L020810.webp,https://8ec.jp/images/products/IB1L020810.webp,public/images/products/IB1L020810.webp,,画像準備中・公式画像へ差替待ち
LE41425690,AD-HDMIVGABK2,エレコム,LE41425690.webp,https://8ec.jp/images/products/LE41425690.webp,public/images/products/LE41425690.webp,,画像準備中・公式画像へ差替待ち
LE41044890,CAC-15BK/RS,エレコム,LE41044890.webp,https://8ec.jp/images/products/LE41044890.webp,public/images/products/LE41044890.webp,,画像準備中・公式画像へ差替待ち
LE41044920,CAC-50BK/RS,エレコム,LE41044920.webp,https://8ec.jp/images/products/LE41044920.webp,public/images/products/LE41044920.webp,,画像準備中・公式画像へ差替待ち
LE41570520,CAC-CDP10BK2,エレコム,LE41570520.webp,https://8ec.jp/images/products/LE41570520.webp,public/images/products/LE41570520.webp,,画像準備中・公式画像へ差替待ち
LE41314490,CAC-DP1210BK,エレコム,LE41314490.webp,https://8ec.jp/images/products/LE41314490.webp,public/images/products/LE41314490.webp,,画像準備中・公式画像へ差替待ち
LE41314500,CAC-DP1215BK,エレコム,LE41314500.webp,https://8ec.jp/images/products/LE41314500.webp,public/images/products/LE41314500.webp,,画像準備中・公式画像へ差替待ち
LE41314510,CAC-DP1220BK,エレコム,LE41314510.webp,https://8ec.jp/images/products/LE41314510.webp,public/images/products/LE41314510.webp,,画像準備中・公式画像へ差替待ち
LE41314520,CAC-DP1230BK,エレコム,LE41314520.webp,https://8ec.jp/images/products/LE41314520.webp,public/images/products/LE41314520.webp,,画像準備中・公式画像へ差替待ち
LE41314530,CAC-DP1250BK,エレコム,LE41314530.webp,https://8ec.jp/images/products/LE41314530.webp,public/images/products/LE41314530.webp,,画像準備中・公式画像へ差替待ち
LE41425800,CAC-DPHDMI10BK,エレコム,LE41425800.webp,https://8ec.jp/images/products/LE41425800.webp,public/images/products/LE41425800.webp,,画像準備中・公式画像へ差替待ち
LE41425840,CAC-HDMIVGA10BK,エレコム,LE41425840.webp,https://8ec.jp/images/products/LE41425840.webp,public/images/products/LE41425840.webp,,画像準備中・公式画像へ差替待ち
LE41044950,CAC-L20BK/RS,エレコム,LE41044950.webp,https://8ec.jp/images/products/LE41044950.webp,public/images/products/LE41044950.webp,,画像準備中・公式画像へ差替待ち
LE41591110,DE-C55L-9000BK,エレコム,LE41591110.webp,https://8ec.jp/images/products/LE41591110.webp,public/images/products/LE41591110.webp,,画像準備中・公式画像へ差替待ち
LE41591120,DE-C55L-9000LGY,エレコム,LE41591120.webp,https://8ec.jp/images/products/LE41591120.webp,public/images/products/LE41591120.webp,,画像準備中・公式画像へ差替待ち
LE41325520,DH-HD14EL10/RS,エレコム,LE41325520.webp,https://8ec.jp/images/products/LE41325520.webp,public/images/products/LE41325520.webp,,画像準備中・公式画像へ差替待ち
LE41325530,DH-HD14EL15/RS,エレコム,LE41325530.webp,https://8ec.jp/images/products/LE41325530.webp,public/images/products/LE41325530.webp,,画像準備中・公式画像へ差替待ち
LE41325540,DH-HD14EL20/RS,エレコム,LE41325540.webp,https://8ec.jp/images/products/LE41325540.webp,public/images/products/LE41325540.webp,,画像準備中・公式画像へ差替待ち
LE41325550,DH-HD14EL30/RS,エレコム,LE41325550.webp,https://8ec.jp/images/products/LE41325550.webp,public/images/products/LE41325550.webp,,画像準備中・公式画像へ差替待ち
LE41325560,DH-HD14EL50/RS,エレコム,LE41325560.webp,https://8ec.jp/images/products/LE41325560.webp,public/images/products/LE41325560.webp,,画像準備中・公式画像へ差替待ち
LE41392430,DH-HDP14ES10BK,エレコム,LE41392430.webp,https://8ec.jp/images/products/LE41392430.webp,public/images/products/LE41392430.webp,,画像準備中・公式画像へ差替待ち
LE41609990,DST-052BPSV,エレコム,LE41609990.webp,https://8ec.jp/images/products/LE41609990.webp,public/images/products/LE41609990.webp,,画像準備中・公式画像へ差替待ち
LE41514980,EDC-GUA3H2-B,エレコム,LE41514980.webp,https://8ec.jp/images/products/LE41514980.webp,public/images/products/LE41514980.webp,,画像準備中・公式画像へ差替待ち
LE41505240,EF-PFK125W,エレコム,LE41505240.webp,https://8ec.jp/images/products/LE41505240.webp,public/images/products/LE41505240.webp,,画像準備中・公式画像へ差替待ち
LE41550500,EF-PFK133W10E,エレコム,LE41550500.webp,https://8ec.jp/images/products/LE41550500.webp,public/images/products/LE41550500.webp,,画像準備中・公式画像へ差替待ち
LE41505250,EF-PFK133W2,エレコム,LE41505250.webp,https://8ec.jp/images/products/LE41505250.webp,public/images/products/LE41505250.webp,,画像準備中・公式画像へ差替待ち
LE41505260,EF-PFK14W,エレコム,LE41505260.webp,https://8ec.jp/images/products/LE41505260.webp,public/images/products/LE41505260.webp,,画像準備中・公式画像へ差替待ち
LE41523630,EF-PFK14W2E,エレコム,LE41523630.webp,https://8ec.jp/images/products/LE41523630.webp,public/images/products/LE41523630.webp,,画像準備中・公式画像へ差替待ち
LE41505270,EF-PFK156W,エレコム,LE41505270.webp,https://8ec.jp/images/products/LE41505270.webp,public/images/products/LE41505270.webp,,画像準備中・公式画像へ差替待ち
LE41553150,EF-PFMK133W10,エレコム,LE41553150.webp,https://8ec.jp/images/products/LE41553150.webp,public/images/products/LE41553150.webp,,画像準備中・公式画像へ差替待ち
LE41553160,EF-PFMK133W2,エレコム,LE41553160.webp,https://8ec.jp/images/products/LE41553160.webp,public/images/products/LE41553160.webp,,画像準備中・公式画像へ差替待ち
LE41553170,EF-PFMK14W10,エレコム,LE41553170.webp,https://8ec.jp/images/products/LE41553170.webp,public/images/products/LE41553170.webp,,画像準備中・公式画像へ差替待ち
LE41553180,EF-PFMK14W9,エレコム,LE41553180.webp,https://8ec.jp/images/products/LE41553180.webp,public/images/products/LE41553180.webp,,画像準備中・公式画像へ差替待ち
LE41553190,EF-PFMK156W9,エレコム,LE41553190.webp,https://8ec.jp/images/products/LE41553190.webp,public/images/products/LE41553190.webp,,画像準備中・公式画像へ差替待ち
LE41553200,EF-PFNS133W10,エレコム,LE41553200.webp,https://8ec.jp/images/products/LE41553200.webp,public/images/products/LE41553200.webp,,画像準備中・公式画像へ差替待ち
LE41553210,EF-PFNS14W10,エレコム,LE41553210.webp,https://8ec.jp/images/products/LE41553210.webp,public/images/products/LE41553210.webp,,画像準備中・公式画像へ差替待ち
LE41552260,EHB-SG2C08,エレコム,LE41552260.webp,https://8ec.jp/images/products/LE41552260.webp,public/images/products/LE41552260.webp,,画像準備中・公式画像へ差替待ち
LE41553220,EHB-SG2C08-PL,エレコム,LE41553220.webp,https://8ec.jp/images/products/LE41553220.webp,public/images/products/LE41553220.webp,,画像準備中・公式画像へ差替待ち
LE41552270,EHB-SG2C16,エレコム,LE41552270.webp,https://8ec.jp/images/products/LE41552270.webp,public/images/products/LE41552270.webp,,画像準備中・公式画像へ差替待ち
LE41554230,EHB-SG2C16F-HPL,エレコム,LE41554230.webp,https://8ec.jp/images/products/LE41554230.webp,public/images/products/LE41554230.webp,,画像準備中・公式画像へ差替待ち
LE41553230,EHB-SG2C16F-PL,エレコム,LE41553230.webp,https://8ec.jp/images/products/LE41553230.webp,public/images/products/LE41553230.webp,,画像準備中・公式画像へ差替待ち
LE41554240,EHB-SG2C16-PL,エレコム,LE41554240.webp,https://8ec.jp/images/products/LE41554240.webp,public/images/products/LE41554240.webp,,画像準備中・公式画像へ差替待ち
LE41552830,EHB-SG2C24,エレコム,LE41552830.webp,https://8ec.jp/images/products/LE41552830.webp,public/images/products/LE41552830.webp,,画像準備中・公式画像へ差替待ち
LE41554250,EHB-SG2C24F-HPL,エレコム,LE41554250.webp,https://8ec.jp/images/products/LE41554250.webp,public/images/products/LE41554250.webp,,画像準備中・公式画像へ差替待ち
LE41553240,EHB-SG2C24F-PL,エレコム,LE41553240.webp,https://8ec.jp/images/products/LE41553240.webp,public/images/products/LE41553240.webp,,画像準備中・公式画像へ差替待ち
LE41607570,EHB-SQ2B08,エレコム,LE41607570.webp,https://8ec.jp/images/products/LE41607570.webp,public/images/products/LE41607570.webp,,画像準備中・公式画像へ差替待ち
LE41611220,EHB-SQ2B08F-PL,エレコム,LE41611220.webp,https://8ec.jp/images/products/LE41611220.webp,public/images/products/LE41611220.webp,,画像準備中・公式画像へ差替待ち
LE41393420,EHB-UG2A08-TP,エレコム,LE41393420.webp,https://8ec.jp/images/products/LE41393420.webp,public/images/products/LE41393420.webp,,画像準備中・公式画像へ差替待ち
LE41570790,EHB-UG2C05-S,エレコム,LE41570790.webp,https://8ec.jp/images/products/LE41570790.webp,public/images/products/LE41570790.webp,,画像準備中・公式画像へ差替待ち
LE41570580,EHB-UG2C08-S,エレコム,LE41570580.webp,https://8ec.jp/images/products/LE41570580.webp,public/images/products/LE41570580.webp,,画像準備中・公式画像へ差替待ち
LE41607580,EHB-UG2C16-S,エレコム,LE41607580.webp,https://8ec.jp/images/products/LE41607580.webp,public/images/products/LE41607580.webp,,画像準備中・公式画像へ差替待ち
LE41607590,EHB-UG2C24-S,エレコム,LE41607590.webp,https://8ec.jp/images/products/LE41607590.webp,public/images/products/LE41607590.webp,,画像準備中・公式画像へ差替待ち
LE41553270,EHB-UG2D16F-PL,エレコム,LE41553270.webp,https://8ec.jp/images/products/LE41553270.webp,public/images/products/LE41553270.webp,,画像準備中・公式画像へ差替待ち
LE41553280,EHB-UG2D24F-PL,エレコム,LE41553280.webp,https://8ec.jp/images/products/LE41553280.webp,public/images/products/LE41553280.webp,,画像準備中・公式画像へ差替待ち
LE41608240,EHC-BG01-16MW,エレコム,LE41608240.webp,https://8ec.jp/images/products/LE41608240.webp,public/images/products/LE41608240.webp,,画像準備中・公式画像へ差替待ち
LE41608250,EHC-BG01-24MW,エレコム,LE41608250.webp,https://8ec.jp/images/products/LE41608250.webp,public/images/products/LE41608250.webp,,画像準備中・公式画像へ差替待ち
LE41607690,EHC-BG01-5MB,エレコム,LE41607690.webp,https://8ec.jp/images/products/LE41607690.webp,public/images/products/LE41607690.webp,,画像準備中・公式画像へ差替待ち
LE41607700,EHC-BG01-5MW,エレコム,LE41607700.webp,https://8ec.jp/images/products/LE41607700.webp,public/images/products/LE41607700.webp,,画像準備中・公式画像へ差替待ち
LE41607710,EHC-BG01-8MB,エレコム,LE41607710.webp,https://8ec.jp/images/products/LE41607710.webp,public/images/products/LE41607710.webp,,画像準備中・公式画像へ差替待ち
LE41607720,EHC-BG01-8MW,エレコム,LE41607720.webp,https://8ec.jp/images/products/LE41607720.webp,public/images/products/LE41607720.webp,,画像準備中・公式画像へ差替待ち
LE41552310,EHC-G16MN2-HW,エレコム,LE41552310.webp,https://8ec.jp/images/products/LE41552310.webp,public/images/products/LE41552310.webp,,画像準備中・公式画像へ差替待ち
LE41077960,EHP-I3510BK,エレコム,LE41077960.webp,https://8ec.jp/images/products/LE41077960.webp,public/images/products/LE41077960.webp,,画像準備中・公式画像へ差替待ち
LE43045000,ESL-10,エレコム,LE43045000.webp,https://8ec.jp/images/products/LE43045000.webp,public/images/products/LE43045000.webp,,画像準備中・公式画像へ差替待ち
LE40501250,ESL-3,エレコム,LE40501250.webp,https://8ec.jp/images/products/LE40501250.webp,public/images/products/LE40501250.webp,,画像準備中・公式画像へ差替待ち
LE41398150,ESL-3A,エレコム,LE41398150.webp,https://8ec.jp/images/products/LE41398150.webp,public/images/products/LE41398150.webp,,画像準備中・公式画像へ差替待ち
LE41475910,ESL-404,エレコム,LE41475910.webp,https://8ec.jp/images/products/LE41475910.webp,public/images/products/LE41475910.webp,,画像準備中・公式画像へ差替待ち
LE41456890,ESL-704,エレコム,LE41456890.webp,https://8ec.jp/images/products/LE41456890.webp,public/images/products/LE41456890.webp,,画像準備中・公式画像へ差替待ち
LE41563460,HS-HP14SUBK,エレコム,LE41563460.webp,https://8ec.jp/images/products/LE41563460.webp,public/images/products/LE41563460.webp,,画像準備中・公式画像へ差替待ち
LE41554270,KVM-RVUSN4,エレコム,LE41554270.webp,https://8ec.jp/images/products/LE41554270.webp,public/images/products/LE41554270.webp,,画像準備中・公式画像へ差替待ち
LE42111300,LD-6RJ45T10,エレコム,LE42111300.webp,https://8ec.jp/images/products/LE42111300.webp,public/images/products/LE42111300.webp,,画像準備中・公式画像へ差替待ち
LE41319200,LD-CT2/BU100YR,エレコム,LE41319200.webp,https://8ec.jp/images/products/LE41319200.webp,public/images/products/LE41319200.webp,,画像準備中・公式画像へ差替待ち
LE41221870,LD-CTN/BU40,エレコム,LE41221870.webp,https://8ec.jp/images/products/LE41221870.webp,public/images/products/LE41221870.webp,,画像準備中・公式画像へ差替待ち
LE41221890,LD-CTN/BU50,エレコム,LE41221890.webp,https://8ec.jp/images/products/LE41221890.webp,public/images/products/LE41221890.webp,,画像準備中・公式画像へ差替待ち
LE44273260,LD-CTS5/RS,エレコム,LE44273260.webp,https://8ec.jp/images/products/LE44273260.webp,public/images/products/LE44273260.webp,,画像準備中・公式画像へ差替待ち
LE41105920,LD-CTT/BU1/RS,エレコム,LE41105920.webp,https://8ec.jp/images/products/LE41105920.webp,public/images/products/LE41105920.webp,,画像準備中・公式画像へ差替待ち
LE41105930,LD-CTT/BU10/RS,エレコム,LE41105930.webp,https://8ec.jp/images/products/LE41105930.webp,public/images/products/LE41105930.webp,,画像準備中・公式画像へ差替待ち
LE41217500,LD-CTT/BU15/RS,エレコム,LE41217500.webp,https://8ec.jp/images/products/LE41217500.webp,public/images/products/LE41217500.webp,,画像準備中・公式画像へ差替待ち
LE41105940,LD-CTT/BU2/RS,エレコム,LE41105940.webp,https://8ec.jp/images/products/LE41105940.webp,public/images/products/LE41105940.webp,,画像準備中・公式画像へ差替待ち
LE41090060,LD-CTT/BU20,エレコム,LE41090060.webp,https://8ec.jp/images/products/LE41090060.webp,public/images/products/LE41090060.webp,,画像準備中・公式画像へ差替待ち
LE41217510,LD-CTT/BU20/RS,エレコム,LE41217510.webp,https://8ec.jp/images/products/LE41217510.webp,public/images/products/LE41217510.webp,,画像準備中・公式画像へ差替待ち
LE41105950,LD-CTT/BU3/RS,エレコム,LE41105950.webp,https://8ec.jp/images/products/LE41105950.webp,public/images/products/LE41105950.webp,,画像準備中・公式画像へ差替待ち
LE41217520,LD-CTT/BU30/RS,エレコム,LE41217520.webp,https://8ec.jp/images/products/LE41217520.webp,public/images/products/LE41217520.webp,,画像準備中・公式画像へ差替待ち
LE41105960,LD-CTT/BU5/RS,エレコム,LE41105960.webp,https://8ec.jp/images/products/LE41105960.webp,public/images/products/LE41105960.webp,,画像準備中・公式画像へ差替待ち
LE41090100,LD-CTT/BU50,エレコム,LE41090100.webp,https://8ec.jp/images/products/LE41090100.webp,public/images/products/LE41090100.webp,,画像準備中・公式画像へ差替待ち
LE41220590,LD-CTT/BU7/RS,エレコム,LE41220590.webp,https://8ec.jp/images/products/LE41220590.webp,public/images/products/LE41220590.webp,,画像準備中・公式画像へ差替待ち
LE41321910,LD-CTT/R1/RS,エレコム,LE41321910.webp,https://8ec.jp/images/products/LE41321910.webp,public/images/products/LE41321910.webp,,画像準備中・公式画像へ差替待ち
LE41220720,LD-CTT/WH1/RS,エレコム,LE41220720.webp,https://8ec.jp/images/products/LE41220720.webp,public/images/products/LE41220720.webp,,画像準備中・公式画像へ差替待ち
LE41220730,LD-CTT/WH10/RS,エレコム,LE41220730.webp,https://8ec.jp/images/products/LE41220730.webp,public/images/products/LE41220730.webp,,画像準備中・公式画像へ差替待ち
LE41220750,LD-CTT/WH2/RS,エレコム,LE41220750.webp,https://8ec.jp/images/products/LE41220750.webp,public/images/products/LE41220750.webp,,画像準備中・公式画像へ差替待ち
LE41220760,LD-CTT/WH20/RS,エレコム,LE41220760.webp,https://8ec.jp/images/products/LE41220760.webp,public/images/products/LE41220760.webp,,画像準備中・公式画像へ差替待ち
LE41220770,LD-CTT/WH3/RS,エレコム,LE41220770.webp,https://8ec.jp/images/products/LE41220770.webp,public/images/products/LE41220770.webp,,画像準備中・公式画像へ差替待ち
LE41220790,LD-CTT/WH5/RS,エレコム,LE41220790.webp,https://8ec.jp/images/products/LE41220790.webp,public/images/products/LE41220790.webp,,画像準備中・公式画像へ差替待ち
LE41220800,LD-CTT/WH7/RS,エレコム,LE41220800.webp,https://8ec.jp/images/products/LE41220800.webp,public/images/products/LE41220800.webp,,画像準備中・公式画像へ差替待ち
LE41005450,LD-CTY/BK2,エレコム,LE41005450.webp,https://8ec.jp/images/products/LE41005450.webp,public/images/products/LE41005450.webp,,画像準備中・公式画像へ差替待ち
LE41005460,LD-CTY/BK3,エレコム,LE41005460.webp,https://8ec.jp/images/products/LE41005460.webp,public/images/products/LE41005460.webp,,画像準備中・公式画像へ差替待ち
LE41005470,LD-CTY/BK5,エレコム,LE41005470.webp,https://8ec.jp/images/products/LE41005470.webp,public/images/products/LE41005470.webp,,画像準備中・公式画像へ差替待ち
LE41090240,LD-GFAT/BM30,エレコム,LE41090240.webp,https://8ec.jp/images/products/LE41090240.webp,public/images/products/LE41090240.webp,,画像準備中・公式画像へ差替待ち
LE41090250,LD-GFAT/BM50,エレコム,LE41090250.webp,https://8ec.jp/images/products/LE41090250.webp,public/images/products/LE41090250.webp,,画像準備中・公式画像へ差替待ち
LE41020660,LD-GPA/BU10,エレコム,LE41020660.webp,https://8ec.jp/images/products/LE41020660.webp,public/images/products/LE41020660.webp,,画像準備中・公式画像へ差替待ち
LE41452000,LD-GPAL/BU100RS,エレコム,LE41452000.webp,https://8ec.jp/images/products/LE41452000.webp,public/images/products/LE41452000.webp,,画像準備中・公式画像へ差替待ち
LE41452020,LD-GPAL/WH100RS,エレコム,LE41452020.webp,https://8ec.jp/images/products/LE41452020.webp,public/images/products/LE41452020.webp,,画像準備中・公式画像へ差替待ち
LE41452030,LD-GPAL/WH300RS,エレコム,LE41452030.webp,https://8ec.jp/images/products/LE41452030.webp,public/images/products/LE41452030.webp,,画像準備中・公式画像へ差替待ち
LE41362830,LD-GPASST/BU10,エレコム,LE41362830.webp,https://8ec.jp/images/products/LE41362830.webp,public/images/products/LE41362830.webp,,画像準備中・公式画像へ差替待ち
LE41090530,LD-GPAT/BU05,エレコム,LE41090530.webp,https://8ec.jp/images/products/LE41090530.webp,public/images/products/LE41090530.webp,,画像準備中・公式画像へ差替待ち
LE41448940,LD-GPAT/BU1/RS,エレコム,LE41448940.webp,https://8ec.jp/images/products/LE41448940.webp,public/images/products/LE41448940.webp,,画像準備中・公式画像へ差替待ち
LE41090540,LD-GPAT/BU10,エレコム,LE41090540.webp,https://8ec.jp/images/products/LE41090540.webp,public/images/products/LE41090540.webp,,画像準備中・公式画像へ差替待ち
LE41448950,LD-GPAT/BU10/RS,エレコム,LE41448950.webp,https://8ec.jp/images/products/LE41448950.webp,public/images/products/LE41448950.webp,,画像準備中・公式画像へ差替待ち
LE41090550,LD-GPAT/BU100,エレコム,LE41090550.webp,https://8ec.jp/images/products/LE41090550.webp,public/images/products/LE41090550.webp,,画像準備中・公式画像へ差替待ち
LE41453440,LD-GPAT/BU100RS,エレコム,LE41453440.webp,https://8ec.jp/images/products/LE41453440.webp,public/images/products/LE41453440.webp,,画像準備中・公式画像へ差替待ち
LE41453450,LD-GPAT/BU15/RS,エレコム,LE41453450.webp,https://8ec.jp/images/products/LE41453450.webp,public/images/products/LE41453450.webp,,画像準備中・公式画像へ差替待ち
LE41448960,LD-GPAT/BU2/RS,エレコム,LE41448960.webp,https://8ec.jp/images/products/LE41448960.webp,public/images/products/LE41448960.webp,,画像準備中・公式画像へ差替待ち
LE41090580,LD-GPAT/BU20,エレコム,LE41090580.webp,https://8ec.jp/images/products/LE41090580.webp,public/images/products/LE41090580.webp,,画像準備中・公式画像へ差替待ち
LE41453460,LD-GPAT/BU20/RS,エレコム,LE41453460.webp,https://8ec.jp/images/products/LE41453460.webp,public/images/products/LE41453460.webp,,画像準備中・公式画像へ差替待ち
LE41090590,LD-GPAT/BU200,エレコム,LE41090590.webp,https://8ec.jp/images/products/LE41090590.webp,public/images/products/LE41090590.webp,,画像準備中・公式画像へ差替待ち
LE41448970,LD-GPAT/BU3/RS,エレコム,LE41448970.webp,https://8ec.jp/images/products/LE41448970.webp,public/images/products/LE41448970.webp,,画像準備中・公式画像へ差替待ち
LE41090600,LD-GPAT/BU30,エレコム,LE41090600.webp,https://8ec.jp/images/products/LE41090600.webp,public/images/products/LE41090600.webp,,画像準備中・公式画像へ差替待ち
LE41453470,LD-GPAT/BU30/RS,エレコム,LE41453470.webp,https://8ec.jp/images/products/LE41453470.webp,public/images/products/LE41453470.webp,,画像準備中・公式画像へ差替待ち
LE41090610,LD-GPAT/BU300,エレコム,LE41090610.webp,https://8ec.jp/images/products/LE41090610.webp,public/images/products/LE41090610.webp,,画像準備中・公式画像へ差替待ち
LE41453480,LD-GPAT/BU40/RS,エレコム,LE41453480.webp,https://8ec.jp/images/products/LE41453480.webp,public/images/products/LE41453480.webp,,画像準備中・公式画像へ差替待ち
LE41448980,LD-GPAT/BU5/RS,エレコム,LE41448980.webp,https://8ec.jp/images/products/LE41448980.webp,public/images/products/LE41448980.webp,,画像準備中・公式画像へ差替待ち
LE41090620,LD-GPAT/BU50,エレコム,LE41090620.webp,https://8ec.jp/images/products/LE41090620.webp,public/images/products/LE41090620.webp,,画像準備中・公式画像へ差替待ち
LE41453490,LD-GPAT/BU50/RS,エレコム,LE41453490.webp,https://8ec.jp/images/products/LE41453490.webp,public/images/products/LE41453490.webp,,画像準備中・公式画像へ差替待ち
LE41090630,LD-GPAT/BU500,エレコム,LE41090630.webp,https://8ec.jp/images/products/LE41090630.webp,public/images/products/LE41090630.webp,,画像準備中・公式画像へ差替待ち
LE41453500,LD-GPAT/BU60/RS,エレコム,LE41453500.webp,https://8ec.jp/images/products/LE41453500.webp,public/images/products/LE41453500.webp,,画像準備中・公式画像へ差替待ち
LE41453510,LD-GPAT/BU70/RS,エレコム,LE41453510.webp,https://8ec.jp/images/products/LE41453510.webp,public/images/products/LE41453510.webp,,画像準備中・公式画像へ差替待ち
LE41453530,LD-GPAT/BU90/RS,エレコム,LE41453530.webp,https://8ec.jp/images/products/LE41453530.webp,public/images/products/LE41453530.webp,,画像準備中・公式画像へ差替待ち
LE41453540,LD-GPAT/RD1/RS,エレコム,LE41453540.webp,https://8ec.jp/images/products/LE41453540.webp,public/images/products/LE41453540.webp,,画像準備中・公式画像へ差替待ち
LE41453550,LD-GPAT/RD2/RS,エレコム,LE41453550.webp,https://8ec.jp/images/products/LE41453550.webp,public/images/products/LE41453550.webp,,画像準備中・公式画像へ差替待ち
LE41453560,LD-GPAT/RD3/RS,エレコム,LE41453560.webp,https://8ec.jp/images/products/LE41453560.webp,public/images/products/LE41453560.webp,,画像準備中・公式画像へ差替待ち
LE41453580,LD-GPAT/WH1/RS,エレコム,LE41453580.webp,https://8ec.jp/images/products/LE41453580.webp,public/images/products/LE41453580.webp,,画像準備中・公式画像へ差替待ち
LE41453590,LD-GPAT/WH10/RS,エレコム,LE41453590.webp,https://8ec.jp/images/products/LE41453590.webp,public/images/products/LE41453590.webp,,画像準備中・公式画像へ差替待ち
LE41453600,LD-GPAT/WH15/RS,エレコム,LE41453600.webp,https://8ec.jp/images/products/LE41453600.webp,public/images/products/LE41453600.webp,,画像準備中・公式画像へ差替待ち
LE41453610,LD-GPAT/WH2/RS,エレコム,LE41453610.webp,https://8ec.jp/images/products/LE41453610.webp,public/images/products/LE41453610.webp,,画像準備中・公式画像へ差替待ち
LE41453620,LD-GPAT/WH20/RS,エレコム,LE41453620.webp,https://8ec.jp/images/products/LE41453620.webp,public/images/products/LE41453620.webp,,画像準備中・公式画像へ差替待ち
LE41453630,LD-GPAT/WH3/RS,エレコム,LE41453630.webp,https://8ec.jp/images/products/LE41453630.webp,public/images/products/LE41453630.webp,,画像準備中・公式画像へ差替待ち
LE41453640,LD-GPAT/WH30/RS,エレコム,LE41453640.webp,https://8ec.jp/images/products/LE41453640.webp,public/images/products/LE41453640.webp,,画像準備中・公式画像へ差替待ち
LE41453650,LD-GPAT/WH40/RS,エレコム,LE41453650.webp,https://8ec.jp/images/products/LE41453650.webp,public/images/products/LE41453650.webp,,画像準備中・公式画像へ差替待ち
LE41453660,LD-GPAT/WH5/RS,エレコム,LE41453660.webp,https://8ec.jp/images/products/LE41453660.webp,public/images/products/LE41453660.webp,,画像準備中・公式画像へ差替待ち
LE41453670,LD-GPAT/WH50/RS,エレコム,LE41453670.webp,https://8ec.jp/images/products/LE41453670.webp,public/images/products/LE41453670.webp,,画像準備中・公式画像へ差替待ち
LE41363400,LD-GPAYT/BU05,エレコム,LE41363400.webp,https://8ec.jp/images/products/LE41363400.webp,public/images/products/LE41363400.webp,,画像準備中・公式画像へ差替待ち
LE41363410,LD-GPAYT/BU10,エレコム,LE41363410.webp,https://8ec.jp/images/products/LE41363410.webp,public/images/products/LE41363410.webp,,画像準備中・公式画像へ差替待ち
LE41363420,LD-GPAYT/BU100,エレコム,LE41363420.webp,https://8ec.jp/images/products/LE41363420.webp,public/images/products/LE41363420.webp,,画像準備中・公式画像へ差替待ち
LE41363440,LD-GPAYT/BU20,エレコム,LE41363440.webp,https://8ec.jp/images/products/LE41363440.webp,public/images/products/LE41363440.webp,,画像準備中・公式画像へ差替待ち
LE41363460,LD-GPAYT/BU50,エレコム,LE41363460.webp,https://8ec.jp/images/products/LE41363460.webp,public/images/products/LE41363460.webp,,画像準備中・公式画像へ差替待ち
LE41363470,LD-GPAYT/BU70,エレコム,LE41363470.webp,https://8ec.jp/images/products/LE41363470.webp,public/images/products/LE41363470.webp,,画像準備中・公式画像へ差替待ち
LE41090800,LD-GPST/BU30,エレコム,LE41090800.webp,https://8ec.jp/images/products/LE41090800.webp,public/images/products/LE41090800.webp,,画像準備中・公式画像へ差替待ち
LE41220810,LD-GPT/BK1/RS,エレコム,LE41220810.webp,https://8ec.jp/images/products/LE41220810.webp,public/images/products/LE41220810.webp,,画像準備中・公式画像へ差替待ち
LE41220830,LD-GPT/BK2/RS,エレコム,LE41220830.webp,https://8ec.jp/images/products/LE41220830.webp,public/images/products/LE41220830.webp,,画像準備中・公式画像へ差替待ち
LE41220840,LD-GPT/BK3/RS,エレコム,LE41220840.webp,https://8ec.jp/images/products/LE41220840.webp,public/images/products/LE41220840.webp,,画像準備中・公式画像へ差替待ち
LE41105970,LD-GPT/BU1/RS,エレコム,LE41105970.webp,https://8ec.jp/images/products/LE41105970.webp,public/images/products/LE41105970.webp,,画像準備中・公式画像へ差替待ち
LE41105980,LD-GPT/BU10/RS,エレコム,LE41105980.webp,https://8ec.jp/images/products/LE41105980.webp,public/images/products/LE41105980.webp,,画像準備中・公式画像へ差替待ち
LE41105990,LD-GPT/BU2/RS,エレコム,LE41105990.webp,https://8ec.jp/images/products/LE41105990.webp,public/images/products/LE41105990.webp,,画像準備中・公式画像へ差替待ち
LE41106000,LD-GPT/BU3/RS,エレコム,LE41106000.webp,https://8ec.jp/images/products/LE41106000.webp,public/images/products/LE41106000.webp,,画像準備中・公式画像へ差替待ち
LE41106010,LD-GPT/BU5/RS,エレコム,LE41106010.webp,https://8ec.jp/images/products/LE41106010.webp,public/images/products/LE41106010.webp,,画像準備中・公式画像へ差替待ち
LE41221000,LD-GPT/WH1/RS,エレコム,LE41221000.webp,https://8ec.jp/images/products/LE41221000.webp,public/images/products/LE41221000.webp,,画像準備中・公式画像へ差替待ち
LE41221030,LD-GPT/WH2/RS,エレコム,LE41221030.webp,https://8ec.jp/images/products/LE41221030.webp,public/images/products/LE41221030.webp,,画像準備中・公式画像へ差替待ち
LE41221050,LD-GPT/WH3/RS,エレコム,LE41221050.webp,https://8ec.jp/images/products/LE41221050.webp,public/images/products/LE41221050.webp,,画像準備中・公式画像へ差替待ち
LE41221070,LD-GPT/WH5/RS,エレコム,LE41221070.webp,https://8ec.jp/images/products/LE41221070.webp,public/images/products/LE41221070.webp,,画像準備中・公式画像へ差替待ち
LE41119970,LD-GPY/BU03,エレコム,LE41119970.webp,https://8ec.jp/images/products/LE41119970.webp,public/images/products/LE41119970.webp,,画像準備中・公式画像へ差替待ち
LE41091190,LD-GPYT/BU05,エレコム,LE41091190.webp,https://8ec.jp/images/products/LE41091190.webp,public/images/products/LE41091190.webp,,画像準備中・公式画像へ差替待ち
LE41091270,LD-GPYT/BU50,エレコム,LE41091270.webp,https://8ec.jp/images/products/LE41091270.webp,public/images/products/LE41091270.webp,,画像準備中・公式画像へ差替待ち
LE41096550,LD-TWST/BM20,エレコム,LE41096550.webp,https://8ec.jp/images/products/LE41096550.webp,public/images/products/LE41096550.webp,,画像準備中・公式画像へ差替待ち
LE44230270,LD-US10,エレコム,LE44230270.webp,https://8ec.jp/images/products/LE44230270.webp,public/images/products/LE44230270.webp,,画像準備中・公式画像へ差替待ち
LE41410460,M-DY12DBBK,エレコム,LE41410460.webp,https://8ec.jp/images/products/LE41410460.webp,public/images/products/LE41410460.webp,,画像準備中・公式画像へ差替待ち
LE41410500,M-DY13DBBK,エレコム,LE41410500.webp,https://8ec.jp/images/products/LE41410500.webp,public/images/products/LE41410500.webp,,画像準備中・公式画像へ差替待ち
LE41349850,M-IR07DRBK,エレコム,LE41349850.webp,https://8ec.jp/images/products/LE41349850.webp,public/images/products/LE41349850.webp,,画像準備中・公式画像へ差替待ち
LE41472300,M-IR07DRKBK,エレコム,LE41472300.webp,https://8ec.jp/images/products/LE41472300.webp,public/images/products/LE41472300.webp,,画像準備中・公式画像へ差替待ち
LE41349900,M-IR07DRSBK,エレコム,LE41349900.webp,https://8ec.jp/images/products/LE41349900.webp,public/images/products/LE41349900.webp,,画像準備中・公式画像へ差替待ち
LE41349930,M-IR07DRWH,エレコム,LE41349930.webp,https://8ec.jp/images/products/LE41349930.webp,public/images/products/LE41349930.webp,,画像準備中・公式画像へ差替待ち
LE41498140,M-K5DRKBK/RS,エレコム,LE41498140.webp,https://8ec.jp/images/products/LE41498140.webp,public/images/products/LE41498140.webp,,画像準備中・公式画像へ差替待ち
LE41218370,M-K5URBK/RS,エレコム,LE41218370.webp,https://8ec.jp/images/products/LE41218370.webp,public/images/products/LE41218370.webp,,画像準備中・公式画像へ差替待ち
LE41498170,M-K6DRKBK/RS,エレコム,LE41498170.webp,https://8ec.jp/images/products/LE41498170.webp,public/images/products/LE41498170.webp,,画像準備中・公式画像へ差替待ち
LE41498180,M-K6DRKWH/RS,エレコム,LE41498180.webp,https://8ec.jp/images/products/LE41498180.webp,public/images/products/LE41498180.webp,,画像準備中・公式画像へ差替待ち
LE41218380,M-K6P2RWH/RS,エレコム,LE41218380.webp,https://8ec.jp/images/products/LE41218380.webp,public/images/products/LE41218380.webp,,画像準備中・公式画像へ差替待ち
LE41218390,M-K6URBK/RS,エレコム,LE41218390.webp,https://8ec.jp/images/products/LE41218390.webp,public/images/products/LE41218390.webp,,画像準備中・公式画像へ差替待ち
LE41218400,M-K6URWH/RS,エレコム,LE41218400.webp,https://8ec.jp/images/products/LE41218400.webp,public/images/products/LE41218400.webp,,画像準備中・公式画像へ差替待ち
LE41419790,M-K7BRBK/RS,エレコム,LE41419790.webp,https://8ec.jp/images/products/LE41419790.webp,public/images/products/LE41419790.webp,,画像準備中・公式画像へ差替待ち
LE41419810,M-K7UBBK/RS,エレコム,LE41419810.webp,https://8ec.jp/images/products/LE41419810.webp,public/images/products/LE41419810.webp,,画像準備中・公式画像へ差替待ち
LE41419820,M-K7UBWH/RS,エレコム,LE41419820.webp,https://8ec.jp/images/products/LE41419820.webp,public/images/products/LE41419820.webp,,画像準備中・公式画像へ差替待ち
LE41585910,M-K8DRBK,エレコム,LE41585910.webp,https://8ec.jp/images/products/LE41585910.webp,public/images/products/LE41585910.webp,,画像準備中・公式画像へ差替待ち
LE41585930,M-K8URBK,エレコム,LE41585930.webp,https://8ec.jp/images/products/LE41585930.webp,public/images/products/LE41585930.webp,,画像準備中・公式画像へ差替待ち
LE41515450,MPA-ACCP28WH,エレコム,LE41515450.webp,https://8ec.jp/images/products/LE41515450.webp,public/images/products/LE41515450.webp,,画像準備中・公式画像へ差替待ち
LE41521400,MPA-ACCP29BK,エレコム,LE41521400.webp,https://8ec.jp/images/products/LE41521400.webp,public/images/products/LE41521400.webp,,画像準備中・公式画像へ差替待ち
LE41218410,M-S2ULBK/RS,エレコム,LE41218410.webp,https://8ec.jp/images/products/LE41218410.webp,public/images/products/LE41218410.webp,,画像準備中・公式画像へ差替待ち
LE41218420,M-S2ULWH/RS,エレコム,LE41218420.webp,https://8ec.jp/images/products/LE41218420.webp,public/images/products/LE41218420.webp,,画像準備中・公式画像へ差替待ち
LE41535100,TB-A22RFLA,エレコム,LE41535100.webp,https://8ec.jp/images/products/LE41535100.webp,public/images/products/LE41535100.webp,,画像準備中・公式画像へ差替待ち
LE41554670,TB-A23RWVDBK,エレコム,LE41554670.webp,https://8ec.jp/images/products/LE41554670.webp,public/images/products/LE41554670.webp,,画像準備中・公式画像へ差替待ち
LE41539040,TB-MSP9FLGG,エレコム,LE41539040.webp,https://8ec.jp/images/products/LE41539040.webp,public/images/products/LE41539040.webp,,画像準備中・公式画像へ差替待ち
LE44221220,T-H32,エレコム,LE44221220.webp,https://8ec.jp/images/products/LE44221220.webp,public/images/products/LE44221220.webp,,画像準備中・公式画像へ差替待ち
LE41119330,TK-FCM062BK,エレコム,LE41119330.webp,https://8ec.jp/images/products/LE41119330.webp,public/images/products/LE41119330.webp,,画像準備中・公式画像へ差替待ち
LE41119340,TK-FCM062WH,エレコム,LE41119340.webp,https://8ec.jp/images/products/LE41119340.webp,public/images/products/LE41119340.webp,,画像準備中・公式画像へ差替待ち
LE41123020,TK-FCM064WH/RS,エレコム,LE41123020.webp,https://8ec.jp/images/products/LE41123020.webp,public/images/products/LE41123020.webp,,画像準備中・公式画像へ差替待ち
LE41418640,TK-FDM106MBK,エレコム,LE41418640.webp,https://8ec.jp/images/products/LE41418640.webp,public/images/products/LE41418640.webp,,画像準備中・公式画像へ差替待ち
LE41611310,TK-QT11FDMBK,エレコム,LE41611310.webp,https://8ec.jp/images/products/LE41611310.webp,public/images/products/LE41611310.webp,,画像準備中・公式画像へ差替待ち
LE41017950,U2C-BF15BK,エレコム,LE41017950.webp,https://8ec.jp/images/products/LE41017950.webp,public/images/products/LE41017950.webp,,画像準備中・公式画像へ差替待ち
LE41309390,U2C-BN10BK,エレコム,LE41309390.webp,https://8ec.jp/images/products/LE41309390.webp,public/images/products/LE41309390.webp,,画像準備中・公式画像へ差替待ち
LE41309450,U2C-BN20BK,エレコム,LE41309450.webp,https://8ec.jp/images/products/LE41309450.webp,public/images/products/LE41309450.webp,,画像準備中・公式画像へ差替待ち
LE41468790,U2C-CC15NBK2,エレコム,LE41468790.webp,https://8ec.jp/images/products/LE41468790.webp,public/images/products/LE41468790.webp,,画像準備中・公式画像へ差替待ち
LE41321600,U2C-JAMB06BK,エレコム,LE41321600.webp,https://8ec.jp/images/products/LE41321600.webp,public/images/products/LE41321600.webp,,画像準備中・公式画像へ差替待ち
LE41027660,U2C-JB15BK,エレコム,LE41027660.webp,https://8ec.jp/images/products/LE41027660.webp,public/images/products/LE41027660.webp,,画像準備中・公式画像へ差替待ち
LE41351550,U2H-SN4NBBK,エレコム,LE41351550.webp,https://8ec.jp/images/products/LE41351550.webp,public/images/products/LE41351550.webp,,画像準備中・公式画像へ差替待ち
LE41470520,UCAM-C820ABBK,エレコム,LE41470520.webp,https://8ec.jp/images/products/LE41470520.webp,public/images/products/LE41470520.webp,,画像準備中・公式画像へ差替待ち
LE41544260,UC-SGT2,エレコム,LE41544260.webp,https://8ec.jp/images/products/LE41544260.webp,public/images/products/LE41544260.webp,,画像準備中・公式画像へ差替待ち
LE40030120,USB2-ECO10,エレコム,LE40030120.webp,https://8ec.jp/images/products/LE40030120.webp,public/images/products/LE40030120.webp,,画像準備中・公式画像へ差替待ち
LE44266970,USB2-ECO15,エレコム,LE44266970.webp,https://8ec.jp/images/products/LE44266970.webp,public/images/products/LE44266970.webp,,画像準備中・公式画像へ差替待ち
LE40030130,USB2-ECO20,エレコム,LE40030130.webp,https://8ec.jp/images/products/LE40030130.webp,public/images/products/LE40030130.webp,,画像準備中・公式画像へ差替待ち
LE44263000,USB2-ECO30,エレコム,LE44263000.webp,https://8ec.jp/images/products/LE44263000.webp,public/images/products/LE44263000.webp,,画像準備中・公式画像へ差替待ち
LE44266980,USB2-ECO50,エレコム,LE44266980.webp,https://8ec.jp/images/products/LE44266980.webp,public/images/products/LE44266980.webp,,画像準備中・公式画像へ差替待ち
LE41460550,USB4-CC5P08BK,エレコム,LE41460550.webp,https://8ec.jp/images/products/LE41460550.webp,public/images/products/LE41460550.webp,,画像準備中・公式画像へ差替待ち
LE40030160,USB-ECOEA20,エレコム,LE40030160.webp,https://8ec.jp/images/products/LE40030160.webp,public/images/products/LE40030160.webp,,画像準備中・公式画像へ差替待ち
LE41570470,WAB-BE187-M,エレコム,LE41570470.webp,https://8ec.jp/images/products/LE41570470.webp,public/images/products/LE41570470.webp,,画像準備中・公式画像へ差替待ち
LE41477830,WAB-S1775,エレコム,LE41477830.webp,https://8ec.jp/images/products/LE41477830.webp,public/images/products/LE41477830.webp,,画像準備中・公式画像へ差替待ち
